Ad_ID,Campaign_Name,Date,Impressions,Clicks,Conversions,Ad_Spend ($),Revenue ($),Engagements,ROAS
1001,Summer Sale,2025-03-01,196572,8901,1045,4134,13375,26276,3.24
1002,Black Friday,2025-03-02,160712,9907,1937,273,20173,27048,73.89
1003,Holiday Special,2025-03-03,121726,6734,1473,3364,1008,41186,0.3
1004,Black Friday,2025-03-04,83287,2121,130,1327,3436,27974,2.59
1005,New Arrivals,2025-03-05,33867,4227,1675,693,20227,28464,29.19
1006,Black Friday,2025-03-06,186067,8735,1991,1423,2644,17746,1.86
1007,Winter Discount,2025-03-07,70811,3030,823,2493,10168,38262,4.08
1008,Holiday Special,2025-03-08,53379,10085,1256,3032,16247,19929,5.36
1009,Black Friday,2025-03-09,42659,13362,518,2490,5103,43829,2.05
1010,Holiday Special,2025-03-10,112542,643,948,407,11663,45308,28.66
1011,Holiday Special,2025-03-11,174108,7458,194,2478,12444,16479,5.02
1012,Black Friday,2025-03-12,67855,11833,639,2702,19207,36388,7.11
1013,Summer Sale,2025-03-13,199269,8943,1094,3641,13411,47015,3.68
1014,Black Friday,2025-03-14,101627,4638,259,1793,20954,37433,11.69
1015,Holiday Special,2025-03-15,94281,1442,1626,3863,20035,28939,5.19
1016,Holiday Special,2025-03-16,104798,5888,1958,4996,15297,26261,3.06
1017,Summer Sale,2025-03-17,149635,5015,1200,1426,1251,33159,0.88
1018,Summer Sale,2025-03-18,122898,1727,1397,3460,4462,28165,1.29
1019,Holiday Special,2025-03-19,20095,12874,1068,4789,21878,17025,4.57
1020,Winter Discount,2025-03-20,189507,4368,959,3213,24535,25531,7.64
1021,Summer Sale,2025-03-21,181274,13281,1070,4688,12336,38697,2.63
1022,Winter Discount,2025-03-22,101595,13772,1457,1017,19076,43011,18.76
1023,Black Friday,2025-03-23,35041,6247,1690,251,21042,32507,83.83
1024,Holiday Special,2025-03-24,192190,12777,1926,2036,19853,34948,9.75
1025,Black Friday,2025-03-25,37305,1185,617,4363,2490,27241,0.57
1026,Winter Discount,2025-03-26,93693,710,1173,3107,14147,41821,4.55
1027,Holiday Special,2025-03-27,44269,11723,1407,855,20910,25367,24.46
1028,Summer Sale,2025-03-28,50247,3037,766,4708,21435,17675,4.55
1029,Black Friday,2025-03-29,44264,14077,1096,1628,13448,39316,8.26
1030,Black Friday,2025-03-30,158934,13089,891,3098,24185,9892,7.81
1031,Black Friday,2025-03-01,21031,5959,697,3474,8871,8830,2.55
1032,New Arrivals,2025-03-02,63868,2450,1973,1206,19899,30270,16.5
1033,Winter Discount,2025-03-03,39499,12637,1311,114,11809,42405,103.59
1034,Black Friday,2025-03-04,193251,1685,1064,252,11834,16228,46.96
1035,New Arrivals,2025-03-05,187115,9049,1827,791,10782,12439,13.63
1036,New Arrivals,2025-03-06,155742,13700,805,4640,21274,19838,4.58
1037,Black Friday,2025-03-07,55806,2840,940,2448,1755,21137,0.72
1038,Holiday Special,2025-03-08,56492,8226,1037,1368,23358,12083,17.07
1039,New Arrivals,2025-03-09,23067,14914,1692,1955,13215,20540,6.76
1040,Black Friday,2025-03-10,176437,3152,509,1181,17431,44384,14.76
1041,Winter Discount,2025-03-11,130857,2434,1480,2425,9445,4352,3.89
1042,Black Friday,2025-03-12,11133,12584,1407,541,13128,39659,24.27
1043,Winter Discount,2025-03-13,83669,7957,1090,3407,24398,48484,7.16
1044,Holiday Special,2025-03-14,13934,14180,144,1615,23823,7648,14.75
1045,Winter Discount,2025-03-15,112412,10336,518,4327,6085,49800,1.41
1046,Holiday Special,2025-03-16,73751,1493,238,4763,10520,8237,2.21
1047,New Arrivals,2025-03-17,181734,1306,875,3997,4867,22479,1.22
1048,Black Friday,2025-03-18,183895,1845,536,1062,9323,40119,8.78
1049,Winter Discount,2025-03-19,26359,5142,1231,1309,23911,32532,18.27
1050,Holiday Special,2025-03-20,129633,9996,1034,2458,8182,17913,3.33
1051,New Arrivals,2025-03-21,45450,4186,498,4785,13110,29035,2.74
1052,Winter Discount,2025-03-22,136374,13699,1484,4935,7168,10633,1.45
1053,Summer Sale,2025-03-23,31188,13070,1094,1601,24719,20120,15.44
1054,New Arrivals,2025-03-24,196435,10762,227,2883,784,30743,0.27
1055,Black Friday,2025-03-25,39397,827,669,3431,2637,36084,0.77
1056,New Arrivals,2025-03-26,46463,3228,1206,4735,24056,15765,5.08
1057,Summer Sale,2025-03-27,51815,4096,126,4311,10446,44118,2.42
1058,New Arrivals,2025-03-28,159658,2526,1800,4063,3011,18805,0.74
1059,New Arrivals,2025-03-29,49887,900,225,731,23080,24749,31.57
1060,New Arrivals,2025-03-30,108268,2707,188,2453,4711,43915,1.92
1061,Summer Sale,2025-03-01,161056,7925,762,3260,5577,48380,1.71
1062,Black Friday,2025-03-02,151887,3835,1314,176,20369,8521,115.73
1063,New Arrivals,2025-03-03,132780,8661,1288,3721,809,18605,0.22
1064,Black Friday,2025-03-04,14835,13775,1504,2865,6390,27532,2.23
1065,Holiday Special,2025-03-05,31627,10970,1074,516,23067,31291,44.7
1066,Black Friday,2025-03-06,164158,7484,1231,1252,9611,39624,7.68
1067,Holiday Special,2025-03-07,79894,6450,1082,3454,14380,10542,4.16
1068,Summer Sale,2025-03-08,113611,14954,1223,3871,9089,33966,2.35
1069,New Arrivals,2025-03-09,114472,12133,960,1613,19176,26917,11.89
1070,Winter Discount,2025-03-10,145540,14442,1675,2061,2941,7485,1.43
1071,Black Friday,2025-03-11,158043,11248,153,1275,15369,48209,12.05
1072,Holiday Special,2025-03-12,124915,14957,1607,4954,12611,25443,2.55
1073,Black Friday,2025-03-13,41080,14496,1810,1948,1025,44132,0.53
1074,Summer Sale,2025-03-14,172433,624,596,1951,24427,46192,12.52
1075,Black Friday,2025-03-15,156748,12287,1648,4505,13652,7132,3.03
1076,Summer Sale,2025-03-16,100603,7786,1258,4731,13252,47885,2.8
1077,Winter Discount,2025-03-17,195479,5476,760,2509,13963,14884,5.57
1078,Winter Discount,2025-03-18,145101,2674,713,4778,8195,30262,1.72
1079,Holiday Special,2025-03-19,66144,543,1277,2625,16257,6387,6.19
1080,Summer Sale,2025-03-20,31174,2492,1396,4803,10305,29637,2.15
1081,Summer Sale,2025-03-21,50807,1626,1943,4349,5428,18106,1.25
1082,New Arrivals,2025-03-22,42733,12417,1635,4591,1233,33690,0.27
1083,Winter Discount,2025-03-23,142363,5039,1114,1795,23879,26399,13.3
1084,Winter Discount,2025-03-24,103999,4557,1076,145,10963,39517,75.61
1085,Black Friday,2025-03-25,83624,7894,1574,3265,9062,14750,2.78
1086,New Arrivals,2025-03-26,105210,11494,1705,3769,12356,32965,3.28
1087,Holiday Special,2025-03-27,122407,5349,1687,3508,13452,14685,3.83
1088,New Arrivals,2025-03-28,111302,4258,1516,421,6496,49377,15.43
1089,Winter Discount,2025-03-29,168877,1216,1953,1978,20674,33955,10.45
1090,New Arrivals,2025-03-30,107729,13539,1064,2182,14503,5421,6.65
1091,Winter Discount,2025-03-01,75220,9571,1186,4777,21885,21161,4.58
1092,Black Friday,2025-03-02,14059,14552,65,4749,22454,23996,4.73
1093,New Arrivals,2025-03-03,109459,10691,1234,2406,20309,25400,8.44
1094,Holiday Special,2025-03-04,139763,6442,1808,2906,6301,10387,2.17
1095,Summer Sale,2025-03-05,28057,9751,431,4327,4076,29390,0.94
1096,Holiday Special,2025-03-06,199029,14174,1599,4561,23192,24356,5.08
1097,Summer Sale,2025-03-07,118021,4289,805,1194,21689,23254,18.16
1098,New Arrivals,2025-03-08,192828,2937,1249,3893,12243,41200,3.14
1099,Summer Sale,2025-03-09,108862,11105,874,754,11714,11660,15.54
1100,New Arrivals,2025-03-10,38900,1180,1556,4009,9814,44563,2.45
1101,Holiday Special,2025-03-11,184404,14420,612,3765,16910,2206,4.49
1102,Black Friday,2025-03-12,15822,8601,1898,846,20652,47662,24.41
1103,Black Friday,2025-03-13,96191,8986,906,1564,21520,27818,13.76
1104,Winter Discount,2025-03-14,57470,12323,343,4360,11129,33370,2.55
1105,New Arrivals,2025-03-15,100187,1780,1307,3313,12205,5348,3.68
1106,Summer Sale,2025-03-16,111608,4684,324,3776,21850,34241,5.79
1107,Black Friday,2025-03-17,142904,2179,148,837,18519,22355,22.13
1108,New Arrivals,2025-03-18,194648,6914,1466,1535,12260,5261,7.99
1109,Holiday Special,2025-03-19,192010,7492,232,2732,16404,2093,6.0
1110,Holiday Special,2025-03-20,160551,2962,477,1180,14656,30350,12.42
1111,Winter Discount,2025-03-21,94287,1309,1978,2913,24693,20166,8.48
1112,Winter Discount,2025-03-22,12132,2638,1100,2855,5964,25692,2.09
1113,Black Friday,2025-03-23,156029,13153,1803,4892,7645,11399,1.56
1114,New Arrivals,2025-03-24,151869,2963,427,1651,11853,21644,7.18
1115,Winter Discount,2025-03-25,76517,5793,170,3615,7173,45895,1.98
1116,Winter Discount,2025-03-26,116218,2011,283,2766,10107,21817,3.65
1117,Holiday Special,2025-03-27,89760,9492,104,4930,1974,30436,0.4
1118,Winter Discount,2025-03-28,29350,5992,1894,718,4264,18252,5.94
1119,Summer Sale,2025-03-29,59960,4025,1501,3578,19126,43047,5.35
1120,Black Friday,2025-03-30,33135,7500,1089,4498,18839,40195,4.19
1121,New Arrivals,2025-03-01,32303,2984,1809,1628,21463,25546,13.18
1122,Winter Discount,2025-03-02,184346,14225,1407,4770,2502,47611,0.52
1123,New Arrivals,2025-03-03,88558,12744,917,4165,14540,10662,3.49
1124,Black Friday,2025-03-04,171011,8177,1875,3014,21637,43604,7.18
1125,New Arrivals,2025-03-05,27886,1642,1155,3178,22979,20575,7.23
1126,Holiday Special,2025-03-06,61372,5877,385,1715,715,12777,0.42
1127,Winter Discount,2025-03-07,126907,8879,1600,3644,9143,44463,2.51
1128,New Arrivals,2025-03-08,67912,10340,1917,2419,7433,26232,3.07
1129,Summer Sale,2025-03-09,10330,7273,985,4131,13104,38085,3.17
1130,Winter Discount,2025-03-10,76755,2125,525,313,11305,48868,36.12
1131,Holiday Special,2025-03-11,89872,11298,318,243,21045,5059,86.6
1132,Holiday Special,2025-03-12,51335,4409,1142,914,16422,12064,17.97
1133,New Arrivals,2025-03-13,124832,14012,1200,4658,15993,24299,3.43
1134,Holiday Special,2025-03-14,56073,4596,1519,1899,15140,5711,7.97
1135,Black Friday,2025-03-15,137901,11637,692,4778,3039,31110,0.64
1136,Black Friday,2025-03-16,46719,8028,1197,4111,3801,49335,0.92
1137,Black Friday,2025-03-17,97362,6046,513,582,2882,30113,4.95
1138,Winter Discount,2025-03-18,175009,6095,1714,3596,16997,20135,4.73
1139,Black Friday,2025-03-19,123606,4302,1436,4203,14600,49276,3.47
1140,Winter Discount,2025-03-20,180609,8000,1452,648,6198,18909,9.56
1141,New Arrivals,2025-03-21,69745,3506,1136,1688,17620,6215,10.44
1142,Summer Sale,2025-03-22,55644,6725,187,3804,1409,17120,0.37
1143,New Arrivals,2025-03-23,53620,10701,1196,4277,18431,9190,4.31
1144,Winter Discount,2025-03-24,131425,8633,846,4053,6616,10204,1.63
1145,New Arrivals,2025-03-25,192005,1248,783,3994,24723,6867,6.19
1146,Summer Sale,2025-03-26,199602,14692,1301,2449,15735,31482,6.43
1147,Winter Discount,2025-03-27,25501,9091,1564,4103,899,4258,0.22
1148,Summer Sale,2025-03-28,190051,2023,1397,2981,13136,24305,4.41
1149,Winter Discount,2025-03-29,43986,560,1429,2598,11005,22072,4.24
1150,New Arrivals,2025-03-30,134255,9618,1664,2957,15093,14605,5.1
1151,Winter Discount,2025-03-01,19273,10598,965,4501,13162,13305,2.92
1152,Winter Discount,2025-03-02,154824,12367,1488,2348,2720,19285,1.16
1153,New Arrivals,2025-03-03,127999,3449,1141,4305,18126,12362,4.21
1154,Black Friday,2025-03-04,162937,3854,1321,2337,23413,4345,10.02
1155,New Arrivals,2025-03-05,50407,11320,1552,994,3232,2640,3.25
1156,Summer Sale,2025-03-06,19647,4865,971,2793,11533,16810,4.13
1157,Black Friday,2025-03-07,130694,10726,1891,313,8727,18731,27.88
1158,Holiday Special,2025-03-08,51607,5555,85,2509,23887,49453,9.52
1159,Holiday Special,2025-03-09,25852,8392,972,2421,1680,11612,0.69
1160,Summer Sale,2025-03-10,59946,13545,1888,4583,14066,15957,3.07
1161,Summer Sale,2025-03-11,51758,10348,1880,2994,824,29039,0.28
1162,Winter Discount,2025-03-12,61369,5025,1416,3152,23741,22946,7.53
1163,Holiday Special,2025-03-13,135920,8195,236,1067,22521,49416,21.11
1164,Winter Discount,2025-03-14,141051,6435,945,3439,9946,28525,2.89
1165,New Arrivals,2025-03-15,105702,9564,711,1055,5727,17521,5.43
1166,Black Friday,2025-03-16,74087,5002,78,4583,23045,35710,5.03
1167,Summer Sale,2025-03-17,147743,1768,1569,4227,9831,9011,2.33
1168,Winter Discount,2025-03-18,64835,14088,1093,4392,9866,16026,2.25
1169,Holiday Special,2025-03-19,64777,10690,50,2792,22739,44774,8.14
1170,Black Friday,2025-03-20,105904,8508,1467,2362,9019,40521,3.82
1171,Summer Sale,2025-03-21,145647,13391,286,2745,23791,44332,8.67
1172,Black Friday,2025-03-22,114959,12771,1428,2311,5002,13555,2.16
1173,Black Friday,2025-03-23,59402,6919,426,2159,14247,47347,6.6
1174,Summer Sale,2025-03-24,178735,8373,274,113,21330,15712,188.76
1175,New Arrivals,2025-03-25,42165,5912,1502,4809,13845,39909,2.88
1176,Winter Discount,2025-03-26,62839,10579,1166,1891,19651,20764,10.39
1177,Holiday Special,2025-03-27,32727,2867,646,622,10837,47927,17.42
1178,Black Friday,2025-03-28,157536,14711,1021,3355,7456,23447,2.22
1179,Winter Discount,2025-03-29,135403,12879,756,3629,16586,27336,4.57
1180,Black Friday,2025-03-30,40929,4240,892,4109,23296,36527,5.67
1181,Holiday Special,2025-03-01,22302,12343,772,3432,8092,43271,2.36
1182,Winter Discount,2025-03-02,148354,13365,1749,3910,11903,23138,3.04
1183,Summer Sale,2025-03-03,83991,9616,1766,3622,2759,42897,0.76
1184,Winter Discount,2025-03-04,196211,11548,1945,2884,17050,48069,5.91
1185,Holiday Special,2025-03-05,32818,1679,1882,580,13637,3736,23.51
1186,Winter Discount,2025-03-06,186571,8538,2000,406,16216,18029,39.94
1187,Holiday Special,2025-03-07,82340,13580,476,4474,5987,13141,1.34
1188,Holiday Special,2025-03-08,181388,14812,1399,2868,5468,14291,1.91
1189,Summer Sale,2025-03-09,14507,14083,813,3240,14896,10443,4.6
1190,Holiday Special,2025-03-10,72143,11624,1131,4867,12586,36386,2.59
1191,Black Friday,2025-03-11,126726,2260,1466,3054,14873,17883,4.87
1192,Summer Sale,2025-03-12,63441,6404,1758,3963,11720,45235,2.96
1193,Winter Discount,2025-03-13,16282,997,644,4559,4708,42637,1.03
1194,Winter Discount,2025-03-14,12812,2384,663,109,10943,15625,100.39
1195,New Arrivals,2025-03-15,130422,11270,1041,223,7309,23489,32.78
1196,Black Friday,2025-03-16,94001,12330,745,2476,11466,49605,4.63
1197,Winter Discount,2025-03-17,152022,6742,1982,3948,19443,19802,4.92
1198,Holiday Special,2025-03-18,181094,10292,658,836,9182,46247,10.98
1199,New Arrivals,2025-03-19,12794,13974,1021,3514,20109,20098,5.72
1200,Summer Sale,2025-03-20,16713,3467,1591,4645,6688,22947,1.44
1201,Holiday Special,2025-03-21,80570,2504,935,3876,11984,22057,3.09
1202,Summer Sale,2025-03-22,150593,1095,921,2334,20418,24319,8.75
1203,Winter Discount,2025-03-23,189477,12864,230,510,19277,20691,37.8
1204,New Arrivals,2025-03-24,73444,10321,510,1431,22094,34585,15.44
1205,New Arrivals,2025-03-25,160533,11288,1207,574,11600,3004,20.21
1206,Holiday Special,2025-03-26,136128,14766,576,4710,5335,34758,1.13
1207,Winter Discount,2025-03-27,183896,1938,589,1055,21741,33387,20.61
1208,Winter Discount,2025-03-28,120635,14201,1416,3559,24437,31402,6.87
1209,Winter Discount,2025-03-29,92384,6199,1532,743,21481,5492,28.91
1210,Winter Discount,2025-03-30,53946,3363,750,742,18327,26581,24.7
1211,New Arrivals,2025-03-01,78904,9499,1048,3451,636,32197,0.18
1212,Summer Sale,2025-03-02,154901,13462,1720,507,19668,48884,38.79
1213,Winter Discount,2025-03-03,17232,13669,1580,2935,14652,11227,4.99
1214,Summer Sale,2025-03-04,73510,5986,1291,1429,9650,30535,6.75
1215,Winter Discount,2025-03-05,181497,13055,690,1187,18258,38976,15.38
1216,New Arrivals,2025-03-06,112567,13545,217,718,21960,16368,30.58
1217,Winter Discount,2025-03-07,177312,2890,724,3758,14445,16445,3.84
1218,New Arrivals,2025-03-08,97818,682,566,3695,14062,45334,3.81
1219,New Arrivals,2025-03-09,50228,852,467,3372,14375,40320,4.26
1220,Summer Sale,2025-03-10,147235,12657,334,3772,575,4520,0.15
1221,Summer Sale,2025-03-11,100003,5072,1781,4689,12026,40930,2.56
1222,Winter Discount,2025-03-12,89262,10283,900,4045,20099,14304,4.97
1223,New Arrivals,2025-03-13,121627,12003,1234,3932,13877,21451,3.53
1224,New Arrivals,2025-03-14,178674,9117,1514,669,22412,47689,33.5
1225,New Arrivals,2025-03-15,125016,8768,1525,3233,786,27149,0.24
1226,Summer Sale,2025-03-16,12446,12933,183,3648,2308,22558,0.63
1227,Holiday Special,2025-03-17,179198,5206,1143,4669,6607,19176,1.42
1228,Winter Discount,2025-03-18,90077,6589,1039,253,13237,30022,52.32
1229,Summer Sale,2025-03-19,31836,2159,1669,519,3243,27257,6.25
1230,New Arrivals,2025-03-20,38489,2447,744,1401,9610,17448,6.86
1231,Winter Discount,2025-03-21,62899,4049,1522,3774,19134,3124,5.07
1232,Winter Discount,2025-03-22,149854,9520,97,3107,5541,14139,1.78
1233,Summer Sale,2025-03-23,82084,11854,444,4292,17501,41295,4.08
1234,Summer Sale,2025-03-24,115393,1299,1205,2397,1881,47751,0.78
1235,Winter Discount,2025-03-25,106144,8378,835,2334,24116,23730,10.33
1236,Winter Discount,2025-03-26,183706,931,989,1586,7111,24717,4.48
1237,Summer Sale,2025-03-27,193556,10179,1478,2924,670,48173,0.23
1238,New Arrivals,2025-03-28,124379,5173,1278,2783,17217,17960,6.19
1239,New Arrivals,2025-03-29,58402,13768,1468,2169,18136,34458,8.36
1240,Winter Discount,2025-03-30,168314,11394,1799,2598,2696,20381,1.04
1241,New Arrivals,2025-03-01,42427,3328,1621,3981,10233,34177,2.57
1242,Summer Sale,2025-03-02,159240,2793,245,1869,21307,19044,11.4
1243,New Arrivals,2025-03-03,121678,4171,905,4516,4428,25646,0.98
1244,Winter Discount,2025-03-04,38104,565,989,690,8415,5825,12.2
1245,Summer Sale,2025-03-05,60263,11736,1545,1427,10087,36818,7.07
1246,Summer Sale,2025-03-06,117870,3333,1116,4501,23032,48027,5.12
1247,Black Friday,2025-03-07,106543,3919,1956,4040,9711,36478,2.4
1248,Summer Sale,2025-03-08,52552,1559,273,1421,9612,47020,6.76
1249,Black Friday,2025-03-09,90593,10058,1335,865,12483,29432,14.43
1250,Holiday Special,2025-03-10,71862,1676,126,2265,6166,26132,2.72
1251,New Arrivals,2025-03-11,139227,12696,1550,2191,9907,37210,4.52
1252,Holiday Special,2025-03-12,66348,12626,1803,4652,11615,11463,2.5
1253,Winter Discount,2025-03-13,40220,2909,1973,559,16550,12290,29.61
1254,Summer Sale,2025-03-14,33668,9471,253,1903,15768,15107,8.29
1255,Black Friday,2025-03-15,99162,9146,1447,2613,21992,26138,8.42
1256,New Arrivals,2025-03-16,102934,12439,1533,3751,2477,18703,0.66
1257,Black Friday,2025-03-17,154484,10154,830,3086,7615,32446,2.47
1258,Summer Sale,2025-03-18,20416,3912,1910,3369,7869,14817,2.34
1259,Summer Sale,2025-03-19,22541,10831,533,4880,8837,17331,1.81
1260,Black Friday,2025-03-20,33630,8828,454,4347,2030,34952,0.47
1261,Winter Discount,2025-03-21,30374,9668,1908,4710,16719,28604,3.55
1262,Winter Discount,2025-03-22,189190,12049,867,1446,9038,19528,6.25
1263,New Arrivals,2025-03-23,81334,4092,1908,4934,17837,18939,3.62
1264,Black Friday,2025-03-24,197972,8633,1742,2750,9318,38635,3.39
1265,Winter Discount,2025-03-25,67686,3137,1995,347,8550,11470,24.64
1266,Black Friday,2025-03-26,28310,1683,1120,3308,2600,29209,0.79
1267,Holiday Special,2025-03-27,93619,7149,1088,2441,7690,48504,3.15
1268,Black Friday,2025-03-28,71596,1161,126,2140,14119,30136,6.6
1269,New Arrivals,2025-03-29,36755,3620,1220,1737,979,42277,0.56
1270,Black Friday,2025-03-30,108907,6046,1485,4761,19141,39353,4.02
1271,Black Friday,2025-03-01,92747,14508,103,2071,3213,47725,1.55
1272,Summer Sale,2025-03-02,96629,13912,1559,3433,24885,13952,7.25
1273,Winter Discount,2025-03-03,55470,1521,491,3628,2074,45219,0.57
1274,Summer Sale,2025-03-04,106867,7507,1507,3210,20238,15019,6.3
1275,Winter Discount,2025-03-05,167152,7131,654,749,808,35959,1.08
1276,New Arrivals,2025-03-06,150202,8043,805,866,18372,34487,21.21
1277,Black Friday,2025-03-07,61665,12626,1735,3475,10795,38685,3.11
1278,Summer Sale,2025-03-08,49560,3629,720,3012,7032,16386,2.33
1279,New Arrivals,2025-03-09,70803,12346,1396,1045,1428,29405,1.37
1280,Winter Discount,2025-03-10,78996,14814,1452,4347,15875,36730,3.65
1281,Winter Discount,2025-03-11,158818,7295,359,2704,3758,38511,1.39
1282,New Arrivals,2025-03-12,71951,13511,852,2173,24133,2826,11.11
1283,Winter Discount,2025-03-13,123564,1662,1800,378,19606,20560,51.87
1284,Summer Sale,2025-03-14,146595,4043,1988,2689,17111,29825,6.36
1285,New Arrivals,2025-03-15,66549,9710,1035,1283,9801,29230,7.64
1286,Winter Discount,2025-03-16,43141,6037,1143,4268,19817,31826,4.64
1287,Holiday Special,2025-03-17,168154,4705,1944,390,22217,2180,56.97
1288,Holiday Special,2025-03-18,18658,3722,168,1470,7502,23128,5.1
1289,Holiday Special,2025-03-19,38696,12724,617,1996,9115,46270,4.57
1290,New Arrivals,2025-03-20,91942,10469,494,2674,22775,20471,8.52
1291,Summer Sale,2025-03-21,56311,3357,1473,3608,13357,14986,3.7
1292,Winter Discount,2025-03-22,121673,6117,1264,1561,6678,34352,4.28
1293,Black Friday,2025-03-23,122446,13957,197,1991,20731,11280,10.41
1294,Summer Sale,2025-03-24,180905,584,508,1296,8777,42412,6.77
1295,Black Friday,2025-03-25,31702,12603,1184,2589,4327,13776,1.67
1296,Black Friday,2025-03-26,187073,11849,952,4825,21364,44029,4.43
1297,Summer Sale,2025-03-27,67925,9767,1925,4265,2036,43542,0.48
1298,Winter Discount,2025-03-28,134305,11493,609,4304,12495,28040,2.9
1299,New Arrivals,2025-03-29,105106,1432,1468,4668,14217,28300,3.05
1300,Summer Sale,2025-03-30,170769,1681,1875,4407,11495,34413,2.61
1301,New Arrivals,2025-03-01,119162,2034,169,4739,6741,2762,1.42
1302,Black Friday,2025-03-02,90700,9265,300,2296,12062,26848,5.25
1303,Holiday Special,2025-03-03,172703,2207,1321,937,1599,7321,1.71
1304,Winter Discount,2025-03-04,166602,12039,1544,3684,3052,24919,0.83
1305,New Arrivals,2025-03-05,78846,2985,670,4275,15536,41551,3.63
1306,Winter Discount,2025-03-06,84053,10589,1219,2846,10113,3459,3.55
1307,New Arrivals,2025-03-07,38942,4225,1685,3033,16471,28449,5.43
1308,Black Friday,2025-03-08,97529,9020,1072,1674,7117,25831,4.25
1309,Summer Sale,2025-03-09,55016,12721,1948,4389,21024,10045,4.79
1310,Winter Discount,2025-03-10,165998,13478,938,2534,15800,12753,6.24
1311,New Arrivals,2025-03-11,115092,14192,537,1680,16584,31954,9.87
1312,New Arrivals,2025-03-12,112294,1788,702,2965,10176,24917,3.43
1313,Summer Sale,2025-03-13,129334,5438,521,181,6343,44292,35.04
1314,Holiday Special,2025-03-14,149139,1739,1900,2807,3690,14473,1.31
1315,Black Friday,2025-03-15,46134,5880,588,892,21068,41648,23.62
1316,Winter Discount,2025-03-16,172803,3556,646,1248,22856,26911,18.31
1317,Summer Sale,2025-03-17,151552,13762,1757,4737,22683,7085,4.79
1318,New Arrivals,2025-03-18,140495,8012,1110,572,16542,9434,28.92
1319,Black Friday,2025-03-19,183513,13561,902,4752,1806,45459,0.38
1320,Holiday Special,2025-03-20,121989,3721,1794,2835,9970,33180,3.52
1321,Holiday Special,2025-03-21,12144,12495,1869,4107,12230,28244,2.98
1322,Winter Discount,2025-03-22,189936,6443,84,4582,13655,41694,2.98
1323,Black Friday,2025-03-23,104417,5371,1316,2662,9248,4268,3.47
1324,Holiday Special,2025-03-24,176484,10826,1756,3196,11864,11646,3.71
1325,Holiday Special,2025-03-25,54348,10490,282,3591,12188,31998,3.39
1326,Summer Sale,2025-03-26,61471,10279,144,2082,20233,34420,9.72
1327,Winter Discount,2025-03-27,65949,13789,1636,4749,6908,46971,1.45
1328,Summer Sale,2025-03-28,167444,2099,1957,1286,21951,49736,17.07
1329,Black Friday,2025-03-29,99489,501,1915,1606,7098,46945,4.42
1330,Summer Sale,2025-03-30,195076,7535,264,3496,2995,21143,0.86
1331,New Arrivals,2025-03-01,163460,6586,609,1575,7316,14165,4.65
1332,Summer Sale,2025-03-02,157472,10073,1256,179,2693,27592,15.04
1333,Holiday Special,2025-03-03,54767,2500,1343,3107,6887,23735,2.22
1334,Black Friday,2025-03-04,112643,7628,181,137,2726,30038,19.9
1335,New Arrivals,2025-03-05,158323,14906,590,2687,12112,31355,4.51
1336,Black Friday,2025-03-06,105643,9854,1863,2518,4595,39293,1.82
1337,Black Friday,2025-03-07,38396,10713,741,2774,1078,40638,0.39
1338,New Arrivals,2025-03-08,61855,11600,289,4208,7636,35130,1.81
1339,Summer Sale,2025-03-09,168709,14321,1936,815,9093,35675,11.16
1340,New Arrivals,2025-03-10,34144,8421,289,125,7914,11734,63.31
1341,Summer Sale,2025-03-11,104566,11373,542,4494,20259,20230,4.51
1342,New Arrivals,2025-03-12,106825,14207,318,3327,21583,29066,6.49
1343,New Arrivals,2025-03-13,159504,14450,630,701,19269,25612,27.49
1344,New Arrivals,2025-03-14,151011,802,1897,2224,8146,7713,3.66
1345,Winter Discount,2025-03-15,127059,1094,1034,4360,22367,43041,5.13
1346,Summer Sale,2025-03-16,191420,14284,896,2219,15886,11726,7.16
1347,Holiday Special,2025-03-17,46987,2827,1104,990,9699,3513,9.8
1348,Winter Discount,2025-03-18,16059,11257,1934,1300,9202,42353,7.08
1349,Summer Sale,2025-03-19,13724,3172,709,4249,5736,12632,1.35
1350,Winter Discount,2025-03-20,193348,3571,1799,3087,11514,42398,3.73
1351,New Arrivals,2025-03-21,86766,6722,498,3128,10624,21634,3.4
1352,Winter Discount,2025-03-22,107501,7358,593,857,21095,37824,24.61
1353,Winter Discount,2025-03-23,12762,1789,1463,3646,11754,9606,3.22
1354,Black Friday,2025-03-24,195916,3789,1869,2302,20499,28370,8.9
1355,Black Friday,2025-03-25,34276,11664,857,3461,3127,29833,0.9
1356,New Arrivals,2025-03-26,145101,5854,1770,4503,6024,3707,1.34
1357,New Arrivals,2025-03-27,123627,7549,413,1366,16815,19620,12.31
1358,Holiday Special,2025-03-28,75121,6945,956,3410,22318,34069,6.54
1359,Summer Sale,2025-03-29,140705,14214,722,4911,6054,48769,1.23
1360,Black Friday,2025-03-30,156173,7361,148,1809,21471,41334,11.87
1361,Summer Sale,2025-03-01,83595,6444,501,2179,8175,18809,3.75
1362,Holiday Special,2025-03-02,115318,12261,1969,1094,13273,42233,12.13
1363,Holiday Special,2025-03-03,143016,11250,374,4043,23062,25284,5.7
1364,Holiday Special,2025-03-04,102192,8298,667,4510,8354,18138,1.85
1365,Black Friday,2025-03-05,136202,12120,435,3690,1229,5781,0.33
1366,Summer Sale,2025-03-06,42766,9707,1513,1233,4851,49072,3.93
1367,Holiday Special,2025-03-07,42903,10444,1389,1337,12003,42854,8.98
1368,Black Friday,2025-03-08,136419,3291,1741,3393,10578,6883,3.12
1369,Holiday Special,2025-03-09,134272,9523,193,4315,16705,47248,3.87
1370,Summer Sale,2025-03-10,152968,8675,1122,3236,17069,15561,5.27
1371,Black Friday,2025-03-11,42909,7928,1087,4362,7592,37469,1.74
1372,Black Friday,2025-03-12,61495,6136,518,1726,4882,13132,2.83
1373,Black Friday,2025-03-13,130753,4435,391,4613,4555,26283,0.99
1374,Black Friday,2025-03-14,111256,14885,297,650,13087,44227,20.13
1375,Summer Sale,2025-03-15,16502,8973,276,1438,13359,45218,9.29
1376,Black Friday,2025-03-16,79440,3000,1665,3048,17601,2567,5.77
1377,Summer Sale,2025-03-17,73187,2870,231,1932,4378,32007,2.27
1378,Black Friday,2025-03-18,72799,3070,1171,4286,7337,27965,1.71
1379,Winter Discount,2025-03-19,112351,4386,220,1515,22855,31998,15.09
1380,New Arrivals,2025-03-20,26622,1527,1843,2120,11200,22800,5.28
1381,New Arrivals,2025-03-21,36969,7506,1925,4283,3406,46331,0.8
1382,Summer Sale,2025-03-22,128698,13438,408,1767,13662,45950,7.73
1383,Holiday Special,2025-03-23,95328,12685,50,2680,19833,24146,7.4
1384,Black Friday,2025-03-24,185105,7204,1095,1197,19921,34323,16.64
1385,Winter Discount,2025-03-25,131294,12079,1261,3883,21345,14456,5.5
1386,Black Friday,2025-03-26,116547,8925,1917,1247,21688,22567,17.39
1387,Summer Sale,2025-03-27,39275,11877,1951,1484,16357,29655,11.02
1388,Winter Discount,2025-03-28,103673,2159,334,1572,8689,20587,5.53
1389,New Arrivals,2025-03-29,147073,7179,1479,3895,24214,8896,6.22
1390,Winter Discount,2025-03-30,24219,11446,1676,4461,17958,3171,4.03
1391,Holiday Special,2025-03-01,125203,7249,1958,3111,10712,36733,3.44
1392,Winter Discount,2025-03-02,161453,6531,692,3651,12239,24147,3.35
1393,Black Friday,2025-03-03,191383,3533,1907,3709,5483,4133,1.48
1394,New Arrivals,2025-03-04,176528,11061,582,248,14506,3621,58.49
1395,Black Friday,2025-03-05,191050,2115,1986,3373,6808,30726,2.02
1396,New Arrivals,2025-03-06,175724,2456,1884,4916,4433,40819,0.9
1397,Black Friday,2025-03-07,155281,3332,1126,1189,5764,27105,4.85
1398,Winter Discount,2025-03-08,23612,3609,681,2775,18993,47638,6.84
1399,Winter Discount,2025-03-09,109912,6616,1862,3248,12316,25903,3.79
1400,Summer Sale,2025-03-10,112560,7567,1996,4753,11215,4315,2.36
1401,Holiday Special,2025-03-11,123753,5660,643,4006,24867,32249,6.21
1402,Black Friday,2025-03-12,84819,5326,853,2001,3158,13606,1.58
1403,Black Friday,2025-03-13,178412,10749,1121,1909,20520,36652,10.75
1404,Black Friday,2025-03-14,112530,4715,1679,2930,21184,12741,7.23
1405,Holiday Special,2025-03-15,100154,2934,1300,4736,2892,7782,0.61
1406,Winter Discount,2025-03-16,185974,5242,1028,617,21645,12206,35.08
1407,New Arrivals,2025-03-17,79586,4703,1735,3795,5282,38358,1.39
1408,Winter Discount,2025-03-18,44331,12221,412,2790,4469,47670,1.6
1409,Winter Discount,2025-03-19,21649,9521,1595,2738,11937,40295,4.36
1410,Black Friday,2025-03-20,72531,847,195,2068,6316,49645,3.05
1411,Holiday Special,2025-03-21,172771,1354,969,3903,12583,3532,3.22
1412,Black Friday,2025-03-22,163299,9068,1498,534,21082,37124,39.48
1413,New Arrivals,2025-03-23,54096,8461,1822,2827,15457,39564,5.47
1414,Black Friday,2025-03-24,130045,4175,837,2010,23029,10007,11.46
1415,Winter Discount,2025-03-25,22079,3560,1468,4322,18532,25094,4.29
1416,Summer Sale,2025-03-26,59814,11004,732,4367,6141,2072,1.41
1417,Black Friday,2025-03-27,179897,9905,219,3190,4866,17040,1.53
1418,Summer Sale,2025-03-28,138842,11339,1491,3163,23406,47985,7.4
1419,Summer Sale,2025-03-29,38206,14185,806,585,11459,39249,19.59
1420,Holiday Special,2025-03-30,58551,4490,1078,1202,16569,39438,13.78
1421,New Arrivals,2025-03-01,127469,8698,1052,3960,5703,34023,1.44
1422,Winter Discount,2025-03-02,190639,7261,1083,3945,11321,41337,2.87
1423,New Arrivals,2025-03-03,190582,12476,1338,2056,6946,25378,3.38
1424,Black Friday,2025-03-04,124567,13473,298,690,8862,46137,12.84
1425,Winter Discount,2025-03-05,82170,10637,599,1377,12783,3942,9.28
1426,Summer Sale,2025-03-06,138763,12588,480,3250,6212,31591,1.91
1427,Black Friday,2025-03-07,92847,5929,1705,2383,18821,24892,7.9
1428,Holiday Special,2025-03-08,146091,614,1492,2765,17818,31589,6.44
1429,New Arrivals,2025-03-09,101007,1534,393,4475,24371,16555,5.45
1430,Holiday Special,2025-03-10,53002,3850,646,1018,20903,19456,20.53
1431,Black Friday,2025-03-11,155823,12378,416,508,4104,47479,8.08
1432,Holiday Special,2025-03-12,70659,9011,772,3863,20574,47148,5.33
1433,Summer Sale,2025-03-13,187346,13087,132,4108,24835,19621,6.05
1434,Black Friday,2025-03-14,131575,13759,1732,1110,1749,17245,1.58
1435,Summer Sale,2025-03-15,113863,9200,1211,1963,18250,26152,9.3
1436,Holiday Special,2025-03-16,67811,11501,1376,865,14150,35206,16.36
1437,Black Friday,2025-03-17,44391,6506,1548,4531,12146,8398,2.68
1438,Summer Sale,2025-03-18,98021,12168,563,3741,23078,23487,6.17
1439,Black Friday,2025-03-19,199849,13942,790,1600,20893,36631,13.06
1440,New Arrivals,2025-03-20,186306,6751,402,585,21329,16304,36.46
1441,Summer Sale,2025-03-21,123808,4617,1188,3833,3723,43282,0.97
1442,Summer Sale,2025-03-22,60717,3079,900,4351,13030,23555,2.99
1443,Black Friday,2025-03-23,131717,8021,285,1401,13005,3768,9.28
1444,Summer Sale,2025-03-24,43425,12353,1495,2731,1478,18311,0.54
1445,Black Friday,2025-03-25,193998,14331,1812,2297,1397,32159,0.61
1446,Winter Discount,2025-03-26,131786,998,1265,2217,5661,31921,2.55
1447,New Arrivals,2025-03-27,143383,12199,971,2017,11854,33852,5.88
1448,Holiday Special,2025-03-28,43467,11722,1549,4588,19303,29501,4.21
1449,Black Friday,2025-03-29,152308,949,1163,3870,23984,8609,6.2
1450,Holiday Special,2025-03-30,76676,4902,1085,2174,1613,29772,0.74
1451,Summer Sale,2025-03-01,185296,12140,1175,1870,10144,18491,5.42
1452,Black Friday,2025-03-02,126553,12854,1442,2537,12536,7557,4.94
1453,Winter Discount,2025-03-03,15232,14019,223,323,20109,20089,62.26
1454,Holiday Special,2025-03-04,106455,6094,743,1055,6211,21398,5.89
1455,Winter Discount,2025-03-05,71551,14206,1980,2385,22902,17083,9.6
1456,Black Friday,2025-03-06,72319,6517,645,245,8280,24055,33.8
1457,Holiday Special,2025-03-07,38357,5129,822,4469,20454,21769,4.58
1458,Black Friday,2025-03-08,52531,3307,1651,2231,11899,35929,5.33
1459,Winter Discount,2025-03-09,68334,14808,255,3970,7401,41096,1.86
1460,New Arrivals,2025-03-10,171483,1734,850,3643,6599,15133,1.81
1461,Holiday Special,2025-03-11,73228,7875,471,4168,18043,36370,4.33
1462,Summer Sale,2025-03-12,187691,3396,1030,336,11540,8298,34.35
1463,Summer Sale,2025-03-13,195144,5923,1788,857,505,31597,0.59
1464,Black Friday,2025-03-14,184614,2659,981,692,11292,39570,16.32
1465,Summer Sale,2025-03-15,90434,3137,851,1812,18787,4663,10.37
1466,Black Friday,2025-03-16,156532,10209,995,2687,17613,39193,6.55
1467,Summer Sale,2025-03-17,56739,11189,776,3786,11198,34309,2.96
1468,Summer Sale,2025-03-18,148346,1401,1240,2399,3260,34696,1.36
1469,New Arrivals,2025-03-19,168965,6726,1615,3539,5075,35974,1.43
1470,Summer Sale,2025-03-20,145220,5407,248,2695,18890,30553,7.01
1471,Holiday Special,2025-03-21,30048,5492,1402,241,876,5420,3.63
1472,Holiday Special,2025-03-22,19796,4679,936,2642,18461,41153,6.99
1473,Holiday Special,2025-03-23,125812,7099,1206,2581,13744,30377,5.33
1474,Winter Discount,2025-03-24,105406,811,713,4047,11135,42960,2.75
1475,New Arrivals,2025-03-25,151221,8330,1791,4130,1750,21472,0.42
1476,Winter Discount,2025-03-26,56745,2479,1175,4580,20367,7658,4.45
1477,New Arrivals,2025-03-27,172251,13422,1781,3393,7844,5198,2.31
1478,Black Friday,2025-03-28,176000,13744,1359,224,21426,9601,95.65
1479,Winter Discount,2025-03-29,96605,11306,866,103,18353,45895,178.18
1480,New Arrivals,2025-03-30,63604,14999,996,443,24688,30032,55.73
1481,New Arrivals,2025-03-01,68325,13923,1740,2063,24712,15964,11.98
1482,Summer Sale,2025-03-02,167903,639,1665,3587,18789,30403,5.24
1483,Black Friday,2025-03-03,31267,13044,1871,1491,12896,14439,8.65
1484,Black Friday,2025-03-04,139965,6874,1778,3625,16007,6771,4.42
1485,Winter Discount,2025-03-05,123676,9482,155,1953,9516,18644,4.87
1486,Summer Sale,2025-03-06,59078,3653,1301,3467,21785,37110,6.28
1487,Holiday Special,2025-03-07,74899,7968,1711,4704,21556,36590,4.58
1488,Black Friday,2025-03-08,56456,3484,1771,4098,6983,11960,1.7
1489,Summer Sale,2025-03-09,156171,6627,1825,4776,21736,16326,4.55
1490,Black Friday,2025-03-10,174380,6653,1639,1300,2906,26297,2.24
1491,Black Friday,2025-03-11,179914,13265,1701,2633,5300,39688,2.01
1492,Winter Discount,2025-03-12,92486,13478,702,3116,23048,23180,7.4
1493,Black Friday,2025-03-13,91386,8569,221,1985,16388,43060,8.26
1494,Black Friday,2025-03-14,41395,6010,354,4839,1210,15757,0.25
1495,Black Friday,2025-03-15,54524,13872,95,2383,22861,8376,9.59
1496,Black Friday,2025-03-16,91651,13840,1023,4370,11583,45909,2.65
1497,Holiday Special,2025-03-17,54666,4650,1419,1584,8171,7385,5.16
1498,Holiday Special,2025-03-18,119706,9280,664,3887,23895,34422,6.15
1499,Black Friday,2025-03-19,24142,12447,1070,3995,3987,2243,1.0
1500,Holiday Special,2025-03-20,28941,11684,299,1897,13781,49891,7.26
1501,New Arrivals,2025-03-21,25361,10728,375,3042,22103,42645,7.27
1502,Summer Sale,2025-03-22,126329,1390,1198,1381,12072,37094,8.74
1503,Black Friday,2025-03-23,117923,5196,1250,2422,11247,28047,4.64
1504,New Arrivals,2025-03-24,125284,1208,1941,721,14591,23479,20.24
1505,Summer Sale,2025-03-25,162647,9932,1724,299,4856,39232,16.24
1506,Black Friday,2025-03-26,96630,7766,399,1957,8446,31816,4.32
1507,Summer Sale,2025-03-27,100732,5715,145,1595,18179,14315,11.4
1508,Holiday Special,2025-03-28,27967,2247,1000,3663,6436,18020,1.76
1509,Summer Sale,2025-03-29,185417,1057,506,3911,18290,15468,4.68
1510,New Arrivals,2025-03-30,101863,8959,1996,3664,629,21368,0.17
1511,Holiday Special,2025-03-01,104848,2617,387,351,17085,12380,48.68
1512,Holiday Special,2025-03-02,92147,1336,1657,2303,23298,20425,10.12
1513,New Arrivals,2025-03-03,15434,14447,864,3461,18573,8312,5.37
1514,Black Friday,2025-03-04,39669,7108,92,811,14990,6799,18.48
1515,New Arrivals,2025-03-05,96738,14633,402,4160,11070,15032,2.66
1516,New Arrivals,2025-03-06,163731,14812,1843,4284,16569,30325,3.87
1517,New Arrivals,2025-03-07,122982,733,355,1260,17953,22675,14.25
1518,Holiday Special,2025-03-08,120692,5592,1747,2149,22548,14045,10.49
1519,Winter Discount,2025-03-09,32849,6444,304,4618,3650,39775,0.79
1520,Summer Sale,2025-03-10,93991,12298,692,4580,6161,38652,1.35
1521,Winter Discount,2025-03-11,104655,9436,1473,4396,24463,13120,5.56
1522,Summer Sale,2025-03-12,131971,2843,87,4749,22450,10674,4.73
1523,New Arrivals,2025-03-13,152715,14667,511,825,15611,13438,18.92
1524,Holiday Special,2025-03-14,191031,12276,375,1207,20222,10610,16.75
1525,Summer Sale,2025-03-15,185335,12077,982,1208,1653,37893,1.37
1526,Summer Sale,2025-03-16,127141,4621,985,3534,4608,13376,1.3
1527,Summer Sale,2025-03-17,125015,14523,1372,4065,8703,9106,2.14
1528,Summer Sale,2025-03-18,88277,8054,441,1755,14059,15832,8.01
1529,Summer Sale,2025-03-19,139638,1176,1509,1467,23994,35899,16.36
1530,Holiday Special,2025-03-20,98620,6222,1822,1181,19073,45651,16.15
1531,Winter Discount,2025-03-21,124633,4009,1314,1413,24944,16427,17.65
1532,Black Friday,2025-03-22,103311,5960,1142,4530,5797,38260,1.28
1533,Winter Discount,2025-03-23,173554,1643,859,601,14441,16909,24.03
1534,Holiday Special,2025-03-24,130628,9754,413,2741,14282,8586,5.21
1535,New Arrivals,2025-03-25,59160,4029,1613,3134,24825,20142,7.92
1536,Black Friday,2025-03-26,19976,5652,1391,596,8615,5683,14.45
1537,Summer Sale,2025-03-27,52849,12194,1511,3285,22411,42930,6.82
1538,Winter Discount,2025-03-28,151152,12517,1472,3920,11173,9086,2.85
1539,Black Friday,2025-03-29,130007,9193,481,1629,616,17097,0.38
1540,New Arrivals,2025-03-30,153719,3339,1919,3428,16463,46036,4.8
1541,Black Friday,2025-03-01,109472,2421,1157,1381,6485,49356,4.7
1542,Summer Sale,2025-03-02,143206,2262,1851,3265,1287,5831,0.39
1543,Black Friday,2025-03-03,98644,2235,1408,3518,12178,21224,3.46
1544,Holiday Special,2025-03-04,167175,6336,624,1063,11540,36459,10.86
1545,New Arrivals,2025-03-05,189936,11819,1568,4419,20222,30597,4.58
1546,New Arrivals,2025-03-06,78841,9376,334,592,15378,2821,25.98
1547,Summer Sale,2025-03-07,64809,12153,1689,631,22378,37553,35.46
1548,Winter Discount,2025-03-08,151721,7307,1170,2557,19043,5092,7.45
1549,Black Friday,2025-03-09,170556,1054,1852,1651,12427,41336,7.53
1550,Summer Sale,2025-03-10,160423,3883,595,4755,20762,26375,4.37
1551,Winter Discount,2025-03-11,85695,10819,790,2428,16370,40304,6.74
1552,Winter Discount,2025-03-12,10946,685,613,1317,3886,4006,2.95
1553,New Arrivals,2025-03-13,176959,4046,1423,3107,6273,21005,2.02
1554,Black Friday,2025-03-14,158266,10403,1793,4734,14491,47419,3.06
1555,Black Friday,2025-03-15,197463,2384,1448,3315,19213,15101,5.8
1556,Winter Discount,2025-03-16,187437,10005,1542,2974,11031,34328,3.71
1557,Summer Sale,2025-03-17,149553,13209,728,835,1276,47987,1.53
1558,New Arrivals,2025-03-18,87689,6456,944,2004,3241,45535,1.62
1559,New Arrivals,2025-03-19,55082,8401,1822,3920,15334,5200,3.91
1560,Winter Discount,2025-03-20,148405,2004,410,4244,18881,43239,4.45
1561,Winter Discount,2025-03-21,160583,672,1601,4406,17672,46445,4.01
1562,Summer Sale,2025-03-22,32792,13293,208,1684,24874,27128,14.77
1563,New Arrivals,2025-03-23,149063,7485,668,2092,578,10912,0.28
1564,Winter Discount,2025-03-24,82916,12935,699,2472,24642,40117,9.97
1565,New Arrivals,2025-03-25,37899,4768,1199,2949,6484,29023,2.2
1566,Winter Discount,2025-03-26,56332,12109,233,782,24901,26417,31.84
1567,Summer Sale,2025-03-27,183691,3690,227,693,7647,48405,11.03
1568,Holiday Special,2025-03-28,29819,12603,1391,2427,10072,46859,4.15
1569,New Arrivals,2025-03-29,169717,11464,1129,4433,17002,33536,3.84
1570,New Arrivals,2025-03-30,110986,1164,257,870,742,14713,0.85
1571,New Arrivals,2025-03-01,96627,3003,269,1626,24832,26145,15.27
1572,Winter Discount,2025-03-02,89734,6744,1683,3294,16899,34086,5.13
1573,Winter Discount,2025-03-03,176807,4866,772,642,12530,7941,19.52
1574,Winter Discount,2025-03-04,179642,14376,466,511,15127,16197,29.6
1575,Winter Discount,2025-03-05,154252,14642,1910,1989,21295,36129,10.71
1576,Holiday Special,2025-03-06,92324,5484,579,4201,11816,17669,2.81
1577,Summer Sale,2025-03-07,24329,8784,984,827,7666,34042,9.27
1578,Summer Sale,2025-03-08,48389,8386,1593,389,7180,9596,18.46
1579,Winter Discount,2025-03-09,162943,1039,1807,262,23381,22589,89.24
1580,Holiday Special,2025-03-10,35597,13236,72,3646,9087,25871,2.49
1581,Winter Discount,2025-03-11,165826,9575,179,659,13778,10573,20.91
1582,Summer Sale,2025-03-12,97064,13229,258,327,24146,13075,73.84
1583,New Arrivals,2025-03-13,195350,7949,598,2499,3304,35131,1.32
1584,Holiday Special,2025-03-14,68839,7695,711,1177,20102,6892,17.08
1585,Winter Discount,2025-03-15,62283,11035,1743,2720,19591,20409,7.2
1586,Winter Discount,2025-03-16,118954,1787,1464,4454,903,43464,0.2
1587,Winter Discount,2025-03-17,169943,8721,1958,1762,14896,19676,8.45
1588,Winter Discount,2025-03-18,146840,4994,1272,978,920,30533,0.94
1589,Black Friday,2025-03-19,33745,4270,1764,1184,13724,29843,11.59
1590,Winter Discount,2025-03-20,123892,6431,1881,1773,6472,28097,3.65
1591,Winter Discount,2025-03-21,138475,8468,1906,620,10981,42138,17.71
1592,Summer Sale,2025-03-22,75660,10894,509,3674,8149,45948,2.22
1593,Holiday Special,2025-03-23,13287,8374,960,4917,18181,10328,3.7
1594,Black Friday,2025-03-24,62539,11273,548,558,2528,14597,4.53
1595,Black Friday,2025-03-25,194061,7642,746,3695,9636,24579,2.61
1596,Summer Sale,2025-03-26,11169,7683,377,4935,9252,43297,1.87
1597,Black Friday,2025-03-27,125307,7155,614,4685,5316,43359,1.13
1598,Summer Sale,2025-03-28,47885,11336,1522,1352,3435,29987,2.54
1599,Holiday Special,2025-03-29,171374,12251,568,176,2242,9739,12.74
1600,Holiday Special,2025-03-30,122490,9150,1076,2634,1772,14852,0.67
1601,Holiday Special,2025-03-01,39817,9614,204,2061,2066,25353,1.0
1602,Black Friday,2025-03-02,167986,13590,1751,1673,7134,46770,4.26
1603,Holiday Special,2025-03-03,63651,6830,1189,261,11586,14160,44.39
1604,Holiday Special,2025-03-04,134616,10763,1457,370,8976,29245,24.26
1605,Holiday Special,2025-03-05,154743,12287,57,704,10216,30415,14.51
1606,Black Friday,2025-03-06,72660,7706,447,4197,14021,33943,3.34
1607,Winter Discount,2025-03-07,59510,6623,96,3499,10526,35999,3.01
1608,Holiday Special,2025-03-08,100965,4021,844,1327,9823,40199,7.4
1609,Winter Discount,2025-03-09,180666,2163,1571,2386,17472,13099,7.32
1610,Winter Discount,2025-03-10,188508,7152,478,3705,4227,17715,1.14
1611,New Arrivals,2025-03-11,150003,7280,173,3285,12750,33806,3.88
1612,Summer Sale,2025-03-12,107334,8433,868,2162,14370,37442,6.65
1613,New Arrivals,2025-03-13,107085,11298,1789,2748,20040,37285,7.29
1614,Holiday Special,2025-03-14,51735,7113,1884,3466,13399,5413,3.87
1615,Winter Discount,2025-03-15,72541,14288,224,2804,3870,15664,1.38
1616,Summer Sale,2025-03-16,192357,12173,1030,1749,13738,35194,7.85
1617,Winter Discount,2025-03-17,81219,10224,1756,1400,18258,41996,13.04
1618,New Arrivals,2025-03-18,197694,9814,1976,2611,1045,6159,0.4
1619,Summer Sale,2025-03-19,188755,5300,1526,1395,8592,10293,6.16
1620,Summer Sale,2025-03-20,198505,8800,472,3552,13396,19886,3.77
1621,Winter Discount,2025-03-21,177354,12614,868,1855,2812,48896,1.52
1622,Holiday Special,2025-03-22,175235,10618,159,3550,9990,47608,2.81
1623,New Arrivals,2025-03-23,21863,4698,1354,2208,14733,27603,6.67
1624,New Arrivals,2025-03-24,135112,6267,1695,4633,21100,18414,4.55
1625,New Arrivals,2025-03-25,191133,6381,188,4434,16129,7388,3.64
1626,Summer Sale,2025-03-26,160454,1947,551,751,7290,42537,9.71
1627,New Arrivals,2025-03-27,88010,14527,1700,2726,8019,27565,2.94
1628,Holiday Special,2025-03-28,109083,3066,485,1288,14338,28047,11.13
1629,New Arrivals,2025-03-29,159888,10712,1121,4039,23825,10009,5.9
1630,Holiday Special,2025-03-30,19843,11488,133,3064,18896,34815,6.17
1631,Holiday Special,2025-03-01,139207,10651,1320,4079,23515,49103,5.76
1632,Summer Sale,2025-03-02,77381,1806,1941,3623,9477,28673,2.62
1633,Black Friday,2025-03-03,68888,4303,1738,2234,8001,49506,3.58
1634,New Arrivals,2025-03-04,167986,8126,736,1764,20285,35415,11.5
1635,Holiday Special,2025-03-05,133758,4627,444,306,10132,40599,33.11
1636,Winter Discount,2025-03-06,98663,3292,380,3198,11875,25599,3.71
1637,Summer Sale,2025-03-07,25728,10502,429,2181,3275,49779,1.5
1638,New Arrivals,2025-03-08,46554,14545,200,425,21138,35715,49.74
1639,Summer Sale,2025-03-09,184814,3162,1442,2079,1039,33069,0.5
1640,New Arrivals,2025-03-10,90588,13704,1323,3169,14808,12263,4.67
1641,Winter Discount,2025-03-11,192563,13432,1298,949,12362,35964,13.03
1642,Summer Sale,2025-03-12,131064,13600,1511,2621,7162,48698,2.73
1643,New Arrivals,2025-03-13,17529,10503,717,2865,9262,19753,3.23
1644,New Arrivals,2025-03-14,59655,13476,120,461,635,41705,1.38
1645,Holiday Special,2025-03-15,27747,8829,822,3601,2178,8503,0.6
1646,Holiday Special,2025-03-16,88445,13353,475,3785,23052,45150,6.09
1647,Winter Discount,2025-03-17,98539,3607,1774,3275,9281,18153,2.83
1648,Black Friday,2025-03-18,50221,11780,288,3887,20654,28249,5.31
1649,New Arrivals,2025-03-19,186312,10802,1658,4082,23289,11831,5.71
1650,Holiday Special,2025-03-20,61663,6801,574,2315,4240,48306,1.83
1651,Holiday Special,2025-03-21,183456,8849,548,347,12619,47442,36.37
1652,New Arrivals,2025-03-22,189619,10351,1050,1150,2239,10729,1.95
1653,Holiday Special,2025-03-23,36808,3565,553,1444,24099,2307,16.69
1654,Winter Discount,2025-03-24,51755,13352,504,530,24648,30952,46.51
1655,Holiday Special,2025-03-25,44856,13011,390,3304,5645,28366,1.71
1656,Holiday Special,2025-03-26,112641,14793,1938,2788,562,32279,0.2
1657,Summer Sale,2025-03-27,85837,11645,139,3352,1622,16934,0.48
1658,Holiday Special,2025-03-28,163847,9235,1510,266,6654,2152,25.02
1659,Winter Discount,2025-03-29,65253,746,571,4176,13766,17694,3.3
1660,Holiday Special,2025-03-30,115598,6307,1121,1384,7251,25598,5.24
1661,Black Friday,2025-03-01,146494,3914,874,1233,22378,46417,18.15
1662,Holiday Special,2025-03-02,186761,5771,583,2588,23598,13439,9.12
1663,Black Friday,2025-03-03,168690,12567,623,1078,9186,40927,8.52
1664,Winter Discount,2025-03-04,88064,1174,1829,128,14745,34644,115.2
1665,New Arrivals,2025-03-05,12299,11152,73,1044,10873,7600,10.41
1666,New Arrivals,2025-03-06,167001,8484,141,4028,13688,25051,3.4
1667,Black Friday,2025-03-07,119809,6868,1800,4212,13779,47769,3.27
1668,New Arrivals,2025-03-08,190797,1273,2000,4756,1454,31195,0.31
1669,Black Friday,2025-03-09,134062,4145,741,1346,23746,3867,17.64
1670,Black Friday,2025-03-10,10449,7455,1569,3416,24214,6575,7.09
1671,Black Friday,2025-03-11,125269,3622,350,2981,21558,30568,7.23
1672,Black Friday,2025-03-12,114854,10401,787,4992,6636,17690,1.33
1673,New Arrivals,2025-03-13,129165,8128,1106,1260,3171,21816,2.52
1674,Summer Sale,2025-03-14,168018,7390,466,4769,19134,25463,4.01
1675,New Arrivals,2025-03-15,46412,7033,1568,4212,18135,36450,4.31
1676,Black Friday,2025-03-16,84277,3954,1035,2026,11713,7260,5.78
1677,Summer Sale,2025-03-17,125301,12696,541,1539,18258,27440,11.86
1678,New Arrivals,2025-03-18,90302,13680,148,1591,2772,6684,1.74
1679,Holiday Special,2025-03-19,58069,5658,1367,4681,609,10318,0.13
1680,Holiday Special,2025-03-20,154418,8520,907,2835,18738,27285,6.61
1681,Holiday Special,2025-03-21,38856,9750,867,4685,19287,22875,4.12
1682,Black Friday,2025-03-22,80238,3881,1005,2868,9381,10921,3.27
1683,New Arrivals,2025-03-23,56147,5026,1808,361,2926,12047,8.11
1684,Winter Discount,2025-03-24,128640,2501,1726,2157,9533,40003,4.42
1685,Summer Sale,2025-03-25,186869,639,784,4796,8933,25648,1.86
1686,New Arrivals,2025-03-26,71973,1159,1594,3346,15833,46711,4.73
1687,Holiday Special,2025-03-27,78499,13754,1670,3721,21307,15471,5.73
1688,New Arrivals,2025-03-28,163186,4611,892,697,16937,18610,24.3
1689,New Arrivals,2025-03-29,95919,1256,1631,3772,8185,15440,2.17
1690,New Arrivals,2025-03-30,58835,14706,1244,4462,19785,25078,4.43
1691,Black Friday,2025-03-01,75446,6045,307,3579,11913,12265,3.33
1692,Holiday Special,2025-03-02,114596,9576,272,4153,4530,23199,1.09
1693,Black Friday,2025-03-03,98998,4903,342,3225,3752,44408,1.16
1694,New Arrivals,2025-03-04,114066,2336,191,769,21916,34251,28.5
1695,Holiday Special,2025-03-05,130267,13731,1278,491,5870,16910,11.96
1696,Holiday Special,2025-03-06,99455,10759,1590,3992,6470,48943,1.62
1697,Holiday Special,2025-03-07,12321,2079,82,955,17868,48589,18.71
1698,Summer Sale,2025-03-08,135826,6302,70,4589,15160,28570,3.3
1699,Summer Sale,2025-03-09,83127,1349,1550,2441,5669,23250,2.32
1700,Winter Discount,2025-03-10,53042,7250,640,4528,7267,10621,1.6
1701,Black Friday,2025-03-11,29255,10099,1925,402,11483,37158,28.56
1702,Black Friday,2025-03-12,109429,3532,1591,2524,23916,19438,9.48
1703,Holiday Special,2025-03-13,195230,13944,1101,308,2964,38100,9.62
1704,Winter Discount,2025-03-14,68923,14361,1752,4575,2401,28916,0.52
1705,New Arrivals,2025-03-15,16576,13878,1661,1329,22893,48157,17.23
1706,New Arrivals,2025-03-16,117434,6949,1863,2584,1233,44791,0.48
1707,Holiday Special,2025-03-17,69525,4213,1425,3263,4508,42390,1.38
1708,Black Friday,2025-03-18,142784,8887,198,3109,17032,12596,5.48
1709,Summer Sale,2025-03-19,10832,978,1944,4370,10013,43829,2.29
1710,Holiday Special,2025-03-20,79887,14980,259,986,11629,3473,11.79
1711,Holiday Special,2025-03-21,33936,7583,1312,2668,12583,7694,4.72
1712,New Arrivals,2025-03-22,59062,8635,630,2566,20214,30040,7.88
1713,Summer Sale,2025-03-23,158585,14834,807,4733,18073,11995,3.82
1714,Holiday Special,2025-03-24,142660,11284,1898,926,3943,26174,4.26
1715,Summer Sale,2025-03-25,96061,2408,1412,4944,14810,36606,3.0
1716,Winter Discount,2025-03-26,188064,1031,898,3685,10320,18667,2.8
1717,Black Friday,2025-03-27,75260,5584,948,1178,505,5800,0.43
1718,Holiday Special,2025-03-28,71767,9864,492,176,10553,5159,59.96
1719,Black Friday,2025-03-29,180691,3821,341,3242,13711,5806,4.23
1720,Winter Discount,2025-03-30,102930,10580,1390,2110,19216,11009,9.11
1721,Summer Sale,2025-03-01,192839,6057,866,984,8011,15610,8.14
1722,Black Friday,2025-03-02,179067,5821,1583,4343,10110,27668,2.33
1723,New Arrivals,2025-03-03,73050,2901,798,1222,15751,7063,12.89
1724,Winter Discount,2025-03-04,43216,8120,1410,581,2690,40680,4.63
1725,Summer Sale,2025-03-05,73654,2778,1506,211,1340,32799,6.35
1726,Summer Sale,2025-03-06,177725,812,726,4064,15061,24644,3.71
1727,Holiday Special,2025-03-07,12370,2013,1545,4498,8217,10600,1.83
1728,Black Friday,2025-03-08,168367,7173,734,4645,11812,19760,2.54
1729,Winter Discount,2025-03-09,181377,1220,1800,2291,3694,23043,1.61
1730,New Arrivals,2025-03-10,28956,11582,890,2437,16559,30338,6.79
1731,Summer Sale,2025-03-11,173489,13598,1769,3118,4654,36361,1.49
1732,Summer Sale,2025-03-12,143514,7552,681,2940,24721,35048,8.41
1733,Black Friday,2025-03-13,119619,9883,1638,3296,14790,9070,4.49
1734,Holiday Special,2025-03-14,155582,9373,1680,1640,20296,23841,12.38
1735,Black Friday,2025-03-15,192924,14594,1897,2201,16726,11529,7.6
1736,Summer Sale,2025-03-16,92849,7348,1160,3958,2656,5460,0.67
1737,New Arrivals,2025-03-17,26226,8806,1462,4261,16455,44333,3.86
1738,Summer Sale,2025-03-18,186184,4111,720,3119,19951,2777,6.4
1739,Black Friday,2025-03-19,55502,8714,722,1538,14789,18113,9.62
1740,Holiday Special,2025-03-20,159422,3588,179,926,15067,19215,16.27
1741,Black Friday,2025-03-21,141899,11482,75,242,22070,13651,91.2
1742,Summer Sale,2025-03-22,93127,14188,1289,825,18020,38990,21.84
1743,New Arrivals,2025-03-23,140393,6987,1208,4745,13213,23065,2.78
1744,Winter Discount,2025-03-24,139695,5944,1324,4432,16315,17241,3.68
1745,Winter Discount,2025-03-25,85513,5425,413,4997,10952,48927,2.19
1746,Holiday Special,2025-03-26,116617,9347,1240,4411,5176,13202,1.17
1747,Black Friday,2025-03-27,80721,6323,1701,1732,13330,45618,7.7
1748,Summer Sale,2025-03-28,59638,11922,1204,1423,8243,21827,5.79
1749,New Arrivals,2025-03-29,42608,12949,502,3700,6538,8953,1.77
1750,Winter Discount,2025-03-30,39604,8418,526,4368,16632,13874,3.81
1751,New Arrivals,2025-03-01,147009,2330,1075,2103,24248,29426,11.53
1752,Black Friday,2025-03-02,149059,8399,798,4756,18558,48446,3.9
1753,Summer Sale,2025-03-03,64893,7057,1028,3446,1219,49836,0.35
1754,Holiday Special,2025-03-04,128620,7393,843,3774,9851,35397,2.61
1755,Holiday Special,2025-03-05,105909,7906,788,1294,6215,10553,4.8
1756,Winter Discount,2025-03-06,130365,1592,215,4613,3614,41156,0.78
1757,Summer Sale,2025-03-07,177562,10147,354,3041,11048,48752,3.63
1758,Black Friday,2025-03-08,74063,6479,1193,1513,23166,10318,15.31
1759,Holiday Special,2025-03-09,191075,10984,294,215,21295,3396,99.05
1760,Summer Sale,2025-03-10,74837,4086,1655,400,18642,16953,46.6
1761,Black Friday,2025-03-11,116009,8901,1721,3760,2423,13387,0.64
1762,New Arrivals,2025-03-12,67682,1168,1224,1811,910,14948,0.5
1763,Summer Sale,2025-03-13,43098,6571,939,1353,21434,48054,15.84
1764,Holiday Special,2025-03-14,46888,2724,1707,1051,8233,28106,7.83
1765,Black Friday,2025-03-15,74045,1483,696,1575,2515,6347,1.6
1766,Summer Sale,2025-03-16,32685,2102,388,1420,3198,45150,2.25
1767,Holiday Special,2025-03-17,96575,8961,631,3009,4675,38599,1.55
1768,Black Friday,2025-03-18,166087,916,1719,581,19556,2104,33.66
1769,Holiday Special,2025-03-19,63317,7764,634,3676,6179,22144,1.68
1770,Holiday Special,2025-03-20,82263,6295,1785,966,18561,15267,19.21
1771,New Arrivals,2025-03-21,60557,4319,1885,2381,3590,4963,1.51
1772,Holiday Special,2025-03-22,136803,13858,1848,3975,3318,6615,0.83
1773,New Arrivals,2025-03-23,129147,7753,1221,1797,17442,41264,9.71
1774,Black Friday,2025-03-24,138500,4622,1910,3967,14300,20183,3.6
1775,New Arrivals,2025-03-25,191995,4283,926,4243,3014,38361,0.71
1776,Winter Discount,2025-03-26,77312,13326,943,3162,4461,43451,1.41
1777,Summer Sale,2025-03-27,37164,14810,880,3659,7219,49231,1.97
1778,Holiday Special,2025-03-28,190909,6553,70,2475,19032,49554,7.69
1779,Winter Discount,2025-03-29,75532,12270,534,1198,19029,6972,15.88
1780,Black Friday,2025-03-30,36181,1960,511,1951,12000,46155,6.15
1781,New Arrivals,2025-03-01,123295,2031,1423,994,11752,42234,11.82
1782,New Arrivals,2025-03-02,17602,12523,109,4294,13185,40852,3.07
1783,Summer Sale,2025-03-03,110539,8909,65,3470,18196,37085,5.24
1784,Summer Sale,2025-03-04,19232,7077,1173,113,929,24807,8.22
1785,New Arrivals,2025-03-05,160673,12134,1338,708,24697,11303,34.88
1786,Holiday Special,2025-03-06,141586,1990,1167,2741,9533,47247,3.48
1787,Holiday Special,2025-03-07,119674,14021,524,3295,4011,39677,1.22
1788,Holiday Special,2025-03-08,186936,9301,1232,4763,18078,41723,3.8
1789,Winter Discount,2025-03-09,128511,7822,1547,422,1097,34182,2.6
1790,Black Friday,2025-03-10,106485,9035,1509,4087,18524,49505,4.53
1791,Black Friday,2025-03-11,113707,12500,614,702,22811,17075,32.49
1792,Black Friday,2025-03-12,74589,1591,349,187,13525,33342,72.33
1793,Holiday Special,2025-03-13,140119,9368,83,3361,9106,30893,2.71
1794,New Arrivals,2025-03-14,177531,14142,1403,2575,20451,35054,7.94
1795,Summer Sale,2025-03-15,33374,8864,262,430,6607,19261,15.37
1796,Holiday Special,2025-03-16,195201,14097,560,2641,17378,3771,6.58
1797,Holiday Special,2025-03-17,175227,12564,1924,2034,15475,34857,7.61
1798,New Arrivals,2025-03-18,177926,4760,79,4001,5994,5106,1.5
1799,Summer Sale,2025-03-19,56763,12981,1120,2884,13552,28730,4.7
1800,Holiday Special,2025-03-20,29967,2238,1357,3711,15023,22257,4.05
1801,Black Friday,2025-03-21,93539,6044,1740,2513,17954,38087,7.14
1802,Black Friday,2025-03-22,94155,10625,1168,3117,8535,24632,2.74
1803,Black Friday,2025-03-23,186171,4298,1882,3720,2650,41218,0.71
1804,New Arrivals,2025-03-24,123622,1052,1891,3996,14663,49873,3.67
1805,New Arrivals,2025-03-25,144593,8321,351,763,13106,36356,17.18
1806,Summer Sale,2025-03-26,63735,11574,1983,1819,14347,8876,7.89
1807,New Arrivals,2025-03-27,152208,1531,1290,4245,7077,24411,1.67
1808,Summer Sale,2025-03-28,174009,9693,190,4523,13828,19408,3.06
1809,New Arrivals,2025-03-29,172070,12991,1678,1861,10878,35062,5.85
1810,Holiday Special,2025-03-30,196600,7279,1786,1945,4316,5572,2.22
1811,Summer Sale,2025-03-01,63445,11691,619,1356,2491,3890,1.84
1812,Black Friday,2025-03-02,177185,13545,1579,950,6714,22535,7.07
1813,Black Friday,2025-03-03,11851,3871,937,4203,15504,7963,3.69
1814,Winter Discount,2025-03-04,135299,10197,986,3793,3303,38025,0.87
1815,Winter Discount,2025-03-05,174603,11284,1709,4174,18798,30883,4.5
1816,Summer Sale,2025-03-06,28742,10024,1931,2181,21243,42033,9.74
1817,Holiday Special,2025-03-07,53488,1783,811,1922,19017,44515,9.89
1818,Black Friday,2025-03-08,118240,10024,1805,682,20883,13950,30.62
1819,Summer Sale,2025-03-09,161895,5643,1396,3968,20818,40271,5.25
1820,Holiday Special,2025-03-10,14736,10051,1734,2456,12422,32828,5.06
1821,Summer Sale,2025-03-11,181520,9636,1770,3205,24634,18900,7.69
1822,New Arrivals,2025-03-12,130096,13771,1184,3805,23648,37296,6.21
1823,New Arrivals,2025-03-13,109634,8614,713,2763,20846,17018,7.54
1824,Winter Discount,2025-03-14,157716,4192,488,2481,5173,3586,2.09
1825,New Arrivals,2025-03-15,22026,7774,882,4597,4313,5386,0.94
1826,New Arrivals,2025-03-16,120543,12284,1637,3825,8319,4485,2.17
1827,New Arrivals,2025-03-17,150006,9807,599,1084,21638,16537,19.96
1828,Winter Discount,2025-03-18,55633,11660,1300,3425,23836,12451,6.96
1829,Summer Sale,2025-03-19,187770,13394,461,1183,16716,19676,14.13
1830,Summer Sale,2025-03-20,30053,6898,1160,4296,8990,44432,2.09
1831,Winter Discount,2025-03-21,196616,8113,722,413,13642,36922,33.03
1832,New Arrivals,2025-03-22,109881,13414,649,4813,15407,15180,3.2
1833,Summer Sale,2025-03-23,40813,827,1897,3480,9996,6998,2.87
1834,New Arrivals,2025-03-24,114234,13357,377,3082,22630,44717,7.34
1835,Winter Discount,2025-03-25,154375,607,502,3980,10449,45171,2.63
1836,Holiday Special,2025-03-26,84851,840,483,1053,12597,36020,11.96
1837,Black Friday,2025-03-27,194719,4975,1909,3713,10500,22776,2.83
1838,Holiday Special,2025-03-28,72129,14866,136,1449,3705,9834,2.56
1839,Holiday Special,2025-03-29,30970,7191,1964,921,16657,2946,18.09
1840,New Arrivals,2025-03-30,160793,1582,359,396,14994,31083,37.86
1841,Black Friday,2025-03-01,184620,7284,889,1101,10593,5990,9.62
1842,New Arrivals,2025-03-02,113039,13777,1618,4399,11184,10562,2.54
1843,Winter Discount,2025-03-03,159611,10326,1487,2802,8849,20816,3.16
1844,Winter Discount,2025-03-04,155325,8382,1662,2214,24880,13602,11.24
1845,Summer Sale,2025-03-05,150255,7307,763,3319,19558,17790,5.89
1846,Holiday Special,2025-03-06,134959,14781,1090,2209,4330,19597,1.96
1847,Summer Sale,2025-03-07,49882,13233,1900,3898,10041,33292,2.58
1848,Black Friday,2025-03-08,137485,3099,178,2340,18433,28309,7.88
1849,Winter Discount,2025-03-09,197379,1537,1905,4859,8573,38671,1.76
1850,Summer Sale,2025-03-10,122542,5105,1236,1112,10505,10912,9.45
1851,Holiday Special,2025-03-11,85133,4062,1133,2399,24322,27140,10.14
1852,Black Friday,2025-03-12,189012,4041,443,2156,2970,24498,1.38
1853,Winter Discount,2025-03-13,92917,1680,1977,1373,12311,24960,8.97
1854,Summer Sale,2025-03-14,197817,6653,331,1577,3666,45074,2.32
1855,Holiday Special,2025-03-15,188305,11204,430,3589,19453,20578,5.42
1856,Summer Sale,2025-03-16,61434,10559,240,385,14236,14790,36.98
1857,Black Friday,2025-03-17,199009,13569,251,4948,10619,37150,2.15
1858,Winter Discount,2025-03-18,70440,9643,1942,3852,10633,49054,2.76
1859,Summer Sale,2025-03-19,69460,4555,271,1862,6553,39636,3.52
1860,Holiday Special,2025-03-20,18276,6020,169,2383,2259,24854,0.95
1861,New Arrivals,2025-03-21,118360,14832,1754,1193,6962,12811,5.84
1862,Black Friday,2025-03-22,197704,14251,642,2245,7989,23856,3.56
1863,Holiday Special,2025-03-23,195032,7493,1412,4017,5478,18646,1.36
1864,Black Friday,2025-03-24,159338,5421,494,4081,9092,11847,2.23
1865,Black Friday,2025-03-25,90295,10201,609,2385,15738,46873,6.6
1866,Winter Discount,2025-03-26,193921,11708,1099,2242,17508,9603,7.81
1867,Holiday Special,2025-03-27,183424,2032,260,3677,11410,5255,3.1
1868,New Arrivals,2025-03-28,187512,8396,396,1153,22607,46510,19.61
1869,Summer Sale,2025-03-29,113049,10615,645,4403,22498,46913,5.11
1870,Black Friday,2025-03-30,22033,7566,1448,3756,5309,47103,1.41
1871,New Arrivals,2025-03-01,100373,2512,71,3403,4881,13710,1.43
1872,Holiday Special,2025-03-02,34402,1720,1924,2358,24822,35759,10.53
1873,Black Friday,2025-03-03,80850,755,546,4225,3529,42532,0.84
1874,Summer Sale,2025-03-04,136511,4741,534,1330,2600,14205,1.95
1875,New Arrivals,2025-03-05,183056,10002,105,2639,2779,20923,1.05
1876,Black Friday,2025-03-06,58960,6716,1311,3500,896,32568,0.26
1877,New Arrivals,2025-03-07,181460,5708,710,4522,4674,10073,1.03
1878,Black Friday,2025-03-08,82337,9057,382,405,4930,18940,12.17
1879,Holiday Special,2025-03-09,171765,887,1810,2655,12348,22959,4.65
1880,Black Friday,2025-03-10,179809,6925,248,2226,21547,3391,9.68
1881,Summer Sale,2025-03-11,176647,10115,1188,4570,20694,27074,4.53
1882,New Arrivals,2025-03-12,49567,987,1155,2083,4858,28147,2.33
1883,Summer Sale,2025-03-13,165526,11624,1659,1586,1253,19779,0.79
1884,New Arrivals,2025-03-14,12899,6311,1906,4408,23110,32858,5.24
1885,Holiday Special,2025-03-15,128789,6185,1625,4538,9740,15089,2.15
1886,Black Friday,2025-03-16,97694,2888,53,4553,18689,14812,4.1
1887,Holiday Special,2025-03-17,199928,8908,612,2176,16832,39892,7.74
1888,Holiday Special,2025-03-18,165122,1789,1397,3074,18335,19486,5.96
1889,New Arrivals,2025-03-19,137050,3347,1651,3137,24489,20961,7.81
1890,New Arrivals,2025-03-20,54168,12444,630,2006,13321,3472,6.64
1891,New Arrivals,2025-03-21,19679,5147,1104,4620,10477,48469,2.27
1892,Black Friday,2025-03-22,40735,12086,70,1226,13687,25125,11.16
1893,Holiday Special,2025-03-23,61636,4300,1221,3806,13298,19071,3.49
1894,Winter Discount,2025-03-24,82912,6335,471,4833,16585,11207,3.43
1895,Summer Sale,2025-03-25,137905,7395,685,3175,11499,26722,3.62
1896,Summer Sale,2025-03-26,33473,1653,1866,1102,14263,2907,12.94
1897,Winter Discount,2025-03-27,61674,8937,207,2014,14695,16753,7.3
1898,Black Friday,2025-03-28,198145,5371,1455,998,14617,45742,14.65
1899,Holiday Special,2025-03-29,15822,3037,928,4675,12713,48504,2.72
1900,Holiday Special,2025-03-30,186433,8403,1952,2257,21268,14570,9.42
1901,Winter Discount,2025-03-01,32210,11172,1178,3717,4322,6574,1.16
1902,Black Friday,2025-03-02,178622,3533,1439,4156,13095,32600,3.15
1903,Black Friday,2025-03-03,171062,6967,841,341,5456,34977,16.0
1904,Summer Sale,2025-03-04,45447,8421,1806,755,2001,15543,2.65
1905,Winter Discount,2025-03-05,118185,2879,594,2175,19692,47595,9.05
1906,Winter Discount,2025-03-06,160919,3166,1793,540,6523,43603,12.08
1907,Winter Discount,2025-03-07,68780,14152,591,1922,13810,17931,7.19
1908,Holiday Special,2025-03-08,132913,898,1276,1417,14262,40824,10.06
1909,Black Friday,2025-03-09,110505,10178,463,3074,12384,29523,4.03
1910,New Arrivals,2025-03-10,147912,593,1795,4072,22300,11158,5.48
1911,Winter Discount,2025-03-11,141425,8045,1651,686,15561,7645,22.68
1912,Summer Sale,2025-03-12,71600,3714,390,622,21416,41740,34.43
1913,New Arrivals,2025-03-13,128659,6530,764,4621,4019,36752,0.87
1914,Summer Sale,2025-03-14,145829,5670,1722,1369,13275,44261,9.7
1915,New Arrivals,2025-03-15,53435,4390,572,2678,929,35356,0.35
1916,New Arrivals,2025-03-16,79232,13332,822,1255,14904,42703,11.88
1917,Summer Sale,2025-03-17,42722,1186,1130,2087,13638,35387,6.53
1918,Holiday Special,2025-03-18,132191,11633,229,1346,8489,11130,6.31
1919,New Arrivals,2025-03-19,84699,8189,1735,2962,19933,7213,6.73
1920,Summer Sale,2025-03-20,78769,3520,94,4177,9555,23921,2.29
1921,Black Friday,2025-03-21,143065,14553,815,3585,1177,26635,0.33
1922,New Arrivals,2025-03-22,176715,10126,952,1173,4757,37507,4.06
1923,New Arrivals,2025-03-23,120507,14592,1332,2695,16705,15405,6.2
1924,New Arrivals,2025-03-24,102892,13656,89,1155,9542,23469,8.26
1925,Black Friday,2025-03-25,101037,7796,183,731,18528,15496,25.35
1926,Winter Discount,2025-03-26,42109,14286,1454,4753,14123,6564,2.97
1927,Winter Discount,2025-03-27,35886,12967,1930,4875,17618,23416,3.61
1928,Winter Discount,2025-03-28,129513,2438,1665,2661,21318,13385,8.01
1929,Black Friday,2025-03-29,23076,6774,561,4991,13665,14774,2.74
1930,New Arrivals,2025-03-30,190281,9295,1106,2712,3633,40123,1.34
1931,Holiday Special,2025-03-01,87203,3636,1480,4742,13429,32412,2.83
1932,Holiday Special,2025-03-02,138063,14259,271,3737,923,44882,0.25
1933,New Arrivals,2025-03-03,77611,14390,244,532,18867,3217,35.46
1934,Holiday Special,2025-03-04,80206,13810,577,3486,9012,25276,2.59
1935,Black Friday,2025-03-05,65073,7759,693,3205,1796,31498,0.56
1936,Black Friday,2025-03-06,150397,6981,1344,1594,21954,26947,13.77
1937,Holiday Special,2025-03-07,131550,4716,754,2820,747,41145,0.26
1938,Winter Discount,2025-03-08,31081,8135,409,4629,8206,13466,1.77
1939,Holiday Special,2025-03-09,172789,6574,472,4935,8935,5625,1.81
1940,Summer Sale,2025-03-10,109779,863,1557,177,18253,25389,103.12
1941,Summer Sale,2025-03-11,197682,13107,1768,2039,18860,11681,9.25
1942,New Arrivals,2025-03-12,158974,4339,897,1646,15159,2227,9.21
1943,Holiday Special,2025-03-13,143965,4543,1355,1232,14464,31609,11.74
1944,Holiday Special,2025-03-14,163527,5668,454,4663,23589,10094,5.06
1945,Black Friday,2025-03-15,134315,10274,1076,3521,835,25175,0.24
1946,New Arrivals,2025-03-16,134624,12155,1216,3809,13648,41882,3.58
1947,New Arrivals,2025-03-17,66273,520,105,433,18856,28117,43.55
1948,Holiday Special,2025-03-18,81748,3622,1633,1253,5093,27102,4.06
1949,Winter Discount,2025-03-19,108032,6108,1130,2581,13034,26620,5.05
1950,Black Friday,2025-03-20,65543,8391,1590,2767,19056,44929,6.89
1951,Black Friday,2025-03-21,104208,11442,89,2317,12762,43786,5.51
1952,Holiday Special,2025-03-22,93066,8519,1139,2415,24661,31377,10.21
1953,New Arrivals,2025-03-23,133485,5272,1044,2060,17956,47966,8.72
1954,Holiday Special,2025-03-24,199973,8804,1786,1208,6809,5022,5.64
1955,Holiday Special,2025-03-25,196380,13769,926,3259,21540,31915,6.61
1956,Winter Discount,2025-03-26,142888,10019,771,736,13899,43705,18.88
1957,New Arrivals,2025-03-27,72026,10982,1421,2304,12303,24877,5.34
1958,Black Friday,2025-03-28,112757,1413,375,1616,571,9038,0.35
1959,New Arrivals,2025-03-29,123349,1315,853,4476,6417,46033,1.43
1960,New Arrivals,2025-03-30,183962,7567,327,3790,20484,45913,5.4
1961,Black Friday,2025-03-01,25569,10215,792,1654,20448,42433,12.36
1962,Holiday Special,2025-03-02,176932,1948,193,2593,4881,26892,1.88
1963,Winter Discount,2025-03-03,11504,11354,1144,2429,2435,34499,1.0
1964,Black Friday,2025-03-04,25333,13225,195,2654,20549,30804,7.74
1965,New Arrivals,2025-03-05,160369,12004,1327,1126,16127,45797,14.32
1966,Winter Discount,2025-03-06,94636,7374,341,3123,24782,7180,7.94
1967,Summer Sale,2025-03-07,10268,927,864,1380,12096,9525,8.77
1968,Holiday Special,2025-03-08,63876,8011,1072,1248,14260,13862,11.43
1969,New Arrivals,2025-03-09,151670,4574,778,3866,12481,19543,3.23
1970,Black Friday,2025-03-10,151971,11277,1354,3357,20654,39667,6.15
1971,New Arrivals,2025-03-11,194498,9626,1354,3796,1739,9177,0.46
1972,Winter Discount,2025-03-12,149445,10922,655,3413,10204,26856,2.99
1973,Summer Sale,2025-03-13,144723,1745,434,254,13361,3392,52.6
1974,Winter Discount,2025-03-14,158060,14163,1358,1736,4685,33080,2.7
1975,Summer Sale,2025-03-15,170179,535,613,907,9999,38405,11.02
1976,Black Friday,2025-03-16,185312,4584,1006,273,10740,9691,39.34
1977,New Arrivals,2025-03-17,191183,3626,127,959,14157,44280,14.76
1978,Summer Sale,2025-03-18,20477,6571,875,1393,11361,47074,8.16
1979,Winter Discount,2025-03-19,100682,14458,1618,1422,14554,17943,10.23
1980,Summer Sale,2025-03-20,38364,6913,1472,1285,9047,21495,7.04
1981,Winter Discount,2025-03-21,169108,4484,382,2732,11520,5062,4.22
1982,Holiday Special,2025-03-22,119174,5184,322,1598,6190,18191,3.87
1983,Black Friday,2025-03-23,141552,4461,1540,4529,1266,46899,0.28
1984,New Arrivals,2025-03-24,52298,1704,990,2634,18870,8803,7.16
1985,Summer Sale,2025-03-25,42069,5792,566,2406,15845,15654,6.59
1986,Holiday Special,2025-03-26,29114,13838,1596,3678,8267,17641,2.25
1987,Black Friday,2025-03-27,181913,9333,1203,101,20609,10548,204.05
1988,Holiday Special,2025-03-28,140911,1312,1089,2865,21616,48548,7.54
1989,New Arrivals,2025-03-29,58203,4019,1276,118,12625,25700,106.99
1990,Black Friday,2025-03-30,23594,6110,1338,4306,17331,40612,4.02
1991,Holiday Special,2025-03-01,99920,8253,1983,2521,5854,21196,2.32
1992,Winter Discount,2025-03-02,33351,10441,1052,4007,15521,20908,3.87
1993,Black Friday,2025-03-03,153788,12876,527,3994,2734,32496,0.68
1994,Winter Discount,2025-03-04,96911,5077,960,1710,15692,3194,9.18
1995,New Arrivals,2025-03-05,51691,9494,1316,4117,22689,16423,5.51
1996,Summer Sale,2025-03-06,60818,7407,587,2596,12247,49237,4.72
1997,Black Friday,2025-03-07,94264,14402,307,3213,8654,15531,2.69
1998,Holiday Special,2025-03-08,144158,13663,1498,3761,10351,23129,2.75
1999,Black Friday,2025-03-09,163477,13948,1526,2478,3891,16028,1.57
2000,Black Friday,2025-03-10,21731,9534,1900,3196,16645,28213,5.21
2001,Winter Discount,2025-03-11,155153,4216,240,3863,4962,30131,1.28
2002,Holiday Special,2025-03-12,196161,9585,887,3286,3434,31661,1.05
2003,Summer Sale,2025-03-13,49472,579,777,2473,19247,27677,7.78
2004,Holiday Special,2025-03-14,115780,4075,1288,3157,1915,22264,0.61
2005,New Arrivals,2025-03-15,191929,10780,601,2947,21789,21820,7.39
2006,Holiday Special,2025-03-16,46491,14264,385,4803,5994,40178,1.25
2007,Summer Sale,2025-03-17,157418,11374,571,3973,10624,5938,2.67
2008,Black Friday,2025-03-18,40010,3218,1631,3756,2551,34332,0.68
2009,Summer Sale,2025-03-19,96559,4803,1837,1646,2049,35617,1.24
2010,Winter Discount,2025-03-20,151753,1872,1591,2477,11795,39702,4.76
2011,Black Friday,2025-03-21,180006,3773,923,4035,10022,2212,2.48
2012,Holiday Special,2025-03-22,186794,556,697,2692,4468,26181,1.66
2013,New Arrivals,2025-03-23,58488,708,1734,4628,18442,47748,3.98
2014,Holiday Special,2025-03-24,180879,8879,54,804,11701,46828,14.55
2015,Winter Discount,2025-03-25,91127,2307,1409,1040,4608,18778,4.43
2016,Winter Discount,2025-03-26,20884,13179,1921,3040,1948,10370,0.64
2017,Summer Sale,2025-03-27,175707,9904,1138,4555,6700,40099,1.47
2018,New Arrivals,2025-03-28,81512,4259,1261,4679,5232,24963,1.12
2019,Summer Sale,2025-03-29,95628,7405,1728,2950,2280,38119,0.77
2020,New Arrivals,2025-03-30,150100,13616,80,2765,11533,16563,4.17
2021,Summer Sale,2025-03-01,90940,4599,1096,2857,3463,24023,1.21
2022,Black Friday,2025-03-02,93377,1028,1058,1185,2411,46134,2.03
2023,Holiday Special,2025-03-03,107568,10848,1746,713,6134,4653,8.6
2024,Black Friday,2025-03-04,169824,7217,465,2991,6905,48516,2.31
2025,Black Friday,2025-03-05,132101,2538,278,4729,2560,17611,0.54
2026,Summer Sale,2025-03-06,25386,1837,965,4337,5357,47743,1.24
2027,Summer Sale,2025-03-07,149010,1461,316,3794,10847,35147,2.86
2028,Holiday Special,2025-03-08,117107,14082,274,136,21123,3686,155.32
2029,Summer Sale,2025-03-09,68970,5265,534,1050,17034,33686,16.22
2030,Summer Sale,2025-03-10,49411,3928,499,4915,19238,43475,3.91
2031,Holiday Special,2025-03-11,49188,14617,112,1050,2088,3868,1.99
2032,New Arrivals,2025-03-12,68578,9004,264,345,23108,14849,66.98
2033,Holiday Special,2025-03-13,139941,8362,1219,2649,11938,44839,4.51
2034,Winter Discount,2025-03-14,58798,9914,1324,2289,4171,9177,1.82
2035,Summer Sale,2025-03-15,150847,4560,1418,2193,4785,19684,2.18
2036,Black Friday,2025-03-16,132316,14775,601,3078,1061,29910,0.34
2037,New Arrivals,2025-03-17,174878,13676,1136,3809,21468,13402,5.64
2038,New Arrivals,2025-03-18,77575,7356,1072,2869,2410,20618,0.84
2039,Summer Sale,2025-03-19,138597,14412,1810,681,13056,2095,19.17
2040,Summer Sale,2025-03-20,98369,1690,662,4176,9687,21310,2.32
2041,Winter Discount,2025-03-21,150175,2578,1776,3830,1408,3350,0.37
2042,New Arrivals,2025-03-22,17379,5194,1546,2528,1751,3100,0.69
2043,Black Friday,2025-03-23,56057,2623,365,986,19450,24471,19.73
2044,Winter Discount,2025-03-24,188092,1390,773,2705,14997,16650,5.54
2045,Black Friday,2025-03-25,127844,13402,1330,435,17008,16946,39.1
2046,Summer Sale,2025-03-26,67044,9623,69,3604,21085,45309,5.85
2047,New Arrivals,2025-03-27,170698,11874,115,274,5888,26662,21.49
2048,New Arrivals,2025-03-28,11646,8305,955,3280,4501,27060,1.37
2049,Summer Sale,2025-03-29,185008,983,1293,671,14609,13776,21.77
2050,Holiday Special,2025-03-30,48408,7442,1903,127,21182,40026,166.79
2051,Summer Sale,2025-03-01,194385,9161,1357,2275,8794,5748,3.87
2052,Holiday Special,2025-03-02,161070,14763,1365,2418,12862,14812,5.32
2053,New Arrivals,2025-03-03,16513,891,610,4653,19656,7754,4.22
2054,New Arrivals,2025-03-04,65395,14095,1001,1174,20255,36271,17.25
2055,New Arrivals,2025-03-05,105391,3100,246,4908,14231,30198,2.9
2056,Winter Discount,2025-03-06,78478,5071,1013,3021,9722,3867,3.22
2057,Winter Discount,2025-03-07,139838,11106,1444,1104,24939,28243,22.59
2058,Summer Sale,2025-03-08,180064,2649,1005,4877,22209,12358,4.55
2059,Holiday Special,2025-03-09,164100,8740,558,4578,17450,6312,3.81
2060,New Arrivals,2025-03-10,148975,13463,1602,101,630,48820,6.24
2061,Summer Sale,2025-03-11,10043,7466,1805,1899,15120,4630,7.96
2062,Black Friday,2025-03-12,66566,5360,999,2889,16618,44401,5.75
2063,Holiday Special,2025-03-13,83681,7112,1185,3386,7576,21956,2.24
2064,Holiday Special,2025-03-14,151713,6818,1009,1959,3481,19132,1.78
2065,Summer Sale,2025-03-15,50888,8414,272,1117,8670,4092,7.76
2066,Holiday Special,2025-03-16,142336,13497,59,561,8856,6039,15.79
2067,New Arrivals,2025-03-17,64572,780,181,4221,10163,32170,2.41
2068,Holiday Special,2025-03-18,175653,9297,1442,4465,18096,2946,4.05
2069,Summer Sale,2025-03-19,180175,12733,501,3525,8733,47170,2.48
2070,Black Friday,2025-03-20,78008,7652,718,3980,18740,35039,4.71
2071,New Arrivals,2025-03-21,21350,1503,1675,3527,22823,12426,6.47
2072,Holiday Special,2025-03-22,18633,5764,1073,4525,1370,38152,0.3
2073,New Arrivals,2025-03-23,179597,7852,1222,4754,24804,33538,5.22
2074,New Arrivals,2025-03-24,115868,13649,1066,2779,11086,13044,3.99
2075,Winter Discount,2025-03-25,195111,1890,1649,876,6759,17068,7.72
2076,Black Friday,2025-03-26,157858,3446,1809,217,16846,6800,77.63
2077,Summer Sale,2025-03-27,18561,5069,918,3431,4331,30232,1.26
2078,Summer Sale,2025-03-28,32743,9632,1619,280,7698,28482,27.49
2079,Black Friday,2025-03-29,191648,9451,1044,4950,20168,39407,4.07
2080,New Arrivals,2025-03-30,164836,6817,357,2401,8576,38751,3.57
2081,Winter Discount,2025-03-01,92816,11950,365,809,7643,17627,9.45
2082,Black Friday,2025-03-02,121068,7291,309,1478,22790,44150,15.42
2083,New Arrivals,2025-03-03,19092,13848,1510,1247,3778,32128,3.03
2084,Summer Sale,2025-03-04,187644,8351,1147,658,7374,36306,11.21
2085,Black Friday,2025-03-05,118448,5958,1367,1649,21917,37381,13.29
2086,Summer Sale,2025-03-06,78544,981,694,240,19332,18209,80.55
2087,Summer Sale,2025-03-07,159201,7628,1705,1619,12168,49860,7.52
2088,Summer Sale,2025-03-08,44050,6902,1268,2381,23034,44018,9.67
2089,Winter Discount,2025-03-09,150301,9892,1405,3736,13652,17212,3.65
2090,Summer Sale,2025-03-10,185258,1248,1622,3354,23755,35997,7.08
2091,Black Friday,2025-03-11,141150,5079,236,4711,12215,15785,2.59
2092,Holiday Special,2025-03-12,32210,7998,296,1282,20000,43862,15.6
2093,Holiday Special,2025-03-13,136065,3187,455,2738,20979,41713,7.66
2094,Holiday Special,2025-03-14,180232,1993,552,1526,2816,46211,1.85
2095,New Arrivals,2025-03-15,70926,5060,1528,2376,9558,21065,4.02
2096,Holiday Special,2025-03-16,161103,11727,1412,4409,5537,9968,1.26
2097,Winter Discount,2025-03-17,49520,10004,1450,3633,4794,44868,1.32
2098,Black Friday,2025-03-18,89426,12036,674,4326,24414,39906,5.64
2099,Summer Sale,2025-03-19,90828,6986,60,690,4139,12850,6.0
2100,New Arrivals,2025-03-20,197847,1760,1075,4486,11363,30143,2.53
2101,Holiday Special,2025-03-21,196055,797,952,2354,8310,22922,3.53
2102,Winter Discount,2025-03-22,67046,1435,1935,2375,23855,42291,10.04
2103,Winter Discount,2025-03-23,129129,8940,109,1074,23736,2154,22.1
2104,Summer Sale,2025-03-24,141226,11114,768,1191,1781,32145,1.5
2105,Black Friday,2025-03-25,37851,9664,132,601,4207,2402,7.0
2106,Black Friday,2025-03-26,122582,4262,169,3195,682,8082,0.21
2107,Winter Discount,2025-03-27,140489,9412,879,324,2363,37152,7.29
2108,Black Friday,2025-03-28,84963,11037,619,1905,2741,37740,1.44
2109,Black Friday,2025-03-29,187959,11582,288,4244,4132,47156,0.97
2110,New Arrivals,2025-03-30,174892,6271,1935,4008,5319,17278,1.33
2111,Black Friday,2025-03-01,35569,14793,644,1575,1522,21028,0.97
2112,Summer Sale,2025-03-02,155632,1709,1471,1970,8539,18942,4.33
2113,Black Friday,2025-03-03,30868,14692,1775,3360,15299,23260,4.55
2114,Summer Sale,2025-03-04,35587,13353,1325,3816,2963,17504,0.78
2115,Holiday Special,2025-03-05,174597,3266,1967,1700,20427,37236,12.02
2116,Winter Discount,2025-03-06,10121,1811,1466,1079,10490,19640,9.72
2117,Holiday Special,2025-03-07,60465,13898,1062,869,14479,35619,16.66
2118,New Arrivals,2025-03-08,45594,7177,357,2301,20777,12308,9.03
2119,New Arrivals,2025-03-09,176579,2661,1990,1738,19226,19640,11.06
2120,Summer Sale,2025-03-10,54007,2010,1258,4680,23779,19280,5.08
2121,Winter Discount,2025-03-11,93215,2589,1233,615,6812,14507,11.08
2122,Black Friday,2025-03-12,116726,7961,761,1005,12694,44860,12.63
2123,New Arrivals,2025-03-13,115567,8828,1190,1991,18947,28622,9.52
2124,Summer Sale,2025-03-14,166192,2327,536,4231,17861,17437,4.22
2125,Summer Sale,2025-03-15,59481,7697,495,3497,15365,13538,4.39
2126,Summer Sale,2025-03-16,13715,5536,1957,2806,13058,20494,4.65
2127,Winter Discount,2025-03-17,53446,2650,690,3362,4910,31550,1.46
2128,Holiday Special,2025-03-18,54204,2885,1353,4688,22913,3065,4.89
2129,Black Friday,2025-03-19,174637,5698,1022,2966,7342,25021,2.48
2130,Holiday Special,2025-03-20,89895,1303,1779,3889,12356,16116,3.18
2131,Summer Sale,2025-03-21,127117,4773,1068,2325,23199,41840,9.98
2132,New Arrivals,2025-03-22,43852,770,253,2258,20708,25663,9.17
2133,Black Friday,2025-03-23,32366,14362,714,1243,17169,30194,13.81
2134,Black Friday,2025-03-24,78079,9710,577,1217,12687,4746,10.42
2135,Winter Discount,2025-03-25,40126,1064,1042,1892,6735,20324,3.56
2136,Holiday Special,2025-03-26,141161,14017,1552,1873,19911,27758,10.63
2137,Summer Sale,2025-03-27,111917,5250,1418,3999,4786,5023,1.2
2138,New Arrivals,2025-03-28,143027,8207,1875,2711,8437,38467,3.11
2139,Summer Sale,2025-03-29,169755,9976,615,4091,16286,28411,3.98
2140,New Arrivals,2025-03-30,84304,9155,1632,3255,8900,4544,2.73
2141,Black Friday,2025-03-01,97631,12499,1720,903,4843,22880,5.36
2142,Black Friday,2025-03-02,10793,13756,1696,3860,14382,39070,3.73
2143,Summer Sale,2025-03-03,19601,1485,684,3823,15210,19823,3.98
2144,Holiday Special,2025-03-04,143117,8256,824,4035,5124,4119,1.27
2145,New Arrivals,2025-03-05,52689,1845,935,4615,2252,49428,0.49
2146,Summer Sale,2025-03-06,137733,9236,1295,4329,14727,6016,3.4
2147,Summer Sale,2025-03-07,123565,5756,444,3071,16427,11720,5.35
2148,Summer Sale,2025-03-08,50770,962,182,880,3982,24054,4.53
2149,New Arrivals,2025-03-09,137542,11112,1159,512,15112,19237,29.52
2150,Summer Sale,2025-03-10,41216,10909,71,4211,12161,7481,2.89
2151,Black Friday,2025-03-11,159791,3161,798,1793,16195,35166,9.03
2152,New Arrivals,2025-03-12,93027,11437,1490,240,14245,23733,59.35
2153,Winter Discount,2025-03-13,50774,1677,1073,1195,1918,34865,1.61
2154,Summer Sale,2025-03-14,156348,9776,677,208,20725,19690,99.64
2155,Holiday Special,2025-03-15,18380,2381,781,2331,5938,39265,2.55
2156,Holiday Special,2025-03-16,32206,8756,984,4421,8207,18524,1.86
2157,New Arrivals,2025-03-17,127954,2618,790,650,12660,12778,19.48
2158,Summer Sale,2025-03-18,54597,5400,511,3476,2207,25789,0.63
2159,New Arrivals,2025-03-19,93984,8534,1502,128,20705,17158,161.76
2160,Summer Sale,2025-03-20,69412,11530,246,4455,14458,39936,3.25
2161,New Arrivals,2025-03-21,157206,12771,1203,469,14373,13779,30.65
2162,Winter Discount,2025-03-22,103554,5690,387,4259,15143,40160,3.56
2163,Holiday Special,2025-03-23,81315,897,1779,2858,19638,47545,6.87
2164,Black Friday,2025-03-24,189806,8871,646,2408,614,26406,0.25
2165,Summer Sale,2025-03-25,82290,10723,892,988,12180,4382,12.33
2166,Winter Discount,2025-03-26,125293,7520,1700,4086,12495,28556,3.06
2167,Winter Discount,2025-03-27,61682,6877,725,2309,24234,24448,10.5
2168,Holiday Special,2025-03-28,19974,13768,163,234,8279,20319,35.38
2169,Black Friday,2025-03-29,42380,9660,1501,2300,19313,38569,8.4
2170,Holiday Special,2025-03-30,185711,11458,831,1092,4470,11175,4.09
2171,Summer Sale,2025-03-01,120376,9124,451,3483,20072,44785,5.76
2172,Holiday Special,2025-03-02,195787,8006,221,1817,12916,45728,7.11
2173,New Arrivals,2025-03-03,17707,8693,1233,622,11233,37809,18.06
2174,New Arrivals,2025-03-04,25749,10313,1388,2552,10817,48391,4.24
2175,Winter Discount,2025-03-05,44073,10229,1152,2972,22643,10369,7.62
2176,New Arrivals,2025-03-06,65324,12633,425,692,8642,2431,12.49
2177,Holiday Special,2025-03-07,160891,12504,898,4945,5324,20216,1.08
2178,Winter Discount,2025-03-08,98256,9263,602,2752,2744,20442,1.0
2179,Summer Sale,2025-03-09,140290,9478,1241,2412,9920,3539,4.11
2180,New Arrivals,2025-03-10,104838,10133,1559,3318,8130,38388,2.45
2181,New Arrivals,2025-03-11,174065,8903,1627,2115,13547,15444,6.41
2182,Holiday Special,2025-03-12,102463,14407,1068,3889,2988,8574,0.77
2183,Holiday Special,2025-03-13,144465,6514,1079,3300,1569,32899,0.48
2184,Black Friday,2025-03-14,46425,13058,1665,3723,3434,9722,0.92
2185,Black Friday,2025-03-15,26045,10915,1172,2056,11130,28783,5.41
2186,Winter Discount,2025-03-16,197422,12806,1633,3786,19877,10141,5.25
2187,Winter Discount,2025-03-17,96196,13169,1796,3495,20449,46831,5.85
2188,New Arrivals,2025-03-18,78868,892,1620,4072,553,28383,0.14
2189,Holiday Special,2025-03-19,51814,2453,527,2451,17928,21320,7.31
2190,Black Friday,2025-03-20,27743,13655,228,4919,7903,10403,1.61
2191,Holiday Special,2025-03-21,60552,13806,1951,3055,19198,28803,6.28
2192,Winter Discount,2025-03-22,97974,10893,431,1992,5473,2030,2.75
2193,Winter Discount,2025-03-23,188853,11351,349,797,16953,27948,21.27
2194,Holiday Special,2025-03-24,197511,1575,1125,4209,14312,27058,3.4
2195,Black Friday,2025-03-25,168364,3915,1262,3251,15396,31779,4.74
2196,Summer Sale,2025-03-26,170692,5571,1383,2961,20554,19050,6.94
2197,Summer Sale,2025-03-27,126350,10085,811,306,9966,28840,32.57
2198,Winter Discount,2025-03-28,83725,14998,1738,1788,15335,21236,8.58
2199,New Arrivals,2025-03-29,190833,5168,436,4944,15492,27951,3.13
2200,Holiday Special,2025-03-30,190783,13520,1471,3936,3979,16675,1.01
2201,Holiday Special,2025-03-01,174357,10174,1259,4110,3931,35625,0.96
2202,New Arrivals,2025-03-02,40346,8288,1501,477,7497,29653,15.72
2203,Black Friday,2025-03-03,70241,2238,1386,3996,13704,32263,3.43
2204,New Arrivals,2025-03-04,134543,1250,123,807,21600,32477,26.77
2205,New Arrivals,2025-03-05,114369,13067,1691,762,8889,6889,11.67
2206,New Arrivals,2025-03-06,19805,6338,1836,1253,9464,12535,7.55
2207,Winter Discount,2025-03-07,13692,13200,259,2823,23430,31664,8.3
2208,Holiday Special,2025-03-08,57955,11006,1528,2559,3144,20693,1.23
2209,Holiday Special,2025-03-09,158728,11367,294,2130,18890,40176,8.87
2210,Winter Discount,2025-03-10,41757,5510,189,4457,21331,38942,4.79
2211,Holiday Special,2025-03-11,70759,1042,818,1395,23560,8701,16.89
2212,Black Friday,2025-03-12,68724,8549,720,2634,22761,35224,8.64
2213,Black Friday,2025-03-13,162158,9290,1828,2673,9882,2860,3.7
2214,Summer Sale,2025-03-14,72685,4928,227,734,23379,13370,31.85
2215,New Arrivals,2025-03-15,175888,1300,1845,1733,2222,11559,1.28
2216,Winter Discount,2025-03-16,17763,2601,136,403,7184,16008,17.83
2217,Winter Discount,2025-03-17,86026,8042,1614,937,22292,28916,23.79
2218,New Arrivals,2025-03-18,163973,522,1374,588,5436,20302,9.24
2219,Black Friday,2025-03-19,20448,1462,543,4768,5291,27226,1.11
2220,New Arrivals,2025-03-20,140024,9500,1368,3942,6337,3600,1.61
2221,Winter Discount,2025-03-21,39032,6363,193,1753,14896,36727,8.5
2222,Winter Discount,2025-03-22,162694,6056,1838,4653,18450,5615,3.97
2223,New Arrivals,2025-03-23,19823,4472,1130,2162,20380,9479,9.43
2224,Winter Discount,2025-03-24,196357,12879,802,2901,21796,36261,7.51
2225,Holiday Special,2025-03-25,76299,12365,976,1981,20549,49299,10.37
2226,Black Friday,2025-03-26,106943,14532,1356,2685,4345,37953,1.62
2227,New Arrivals,2025-03-27,116800,6405,315,2769,6474,36639,2.34
2228,Holiday Special,2025-03-28,170258,1528,727,1444,5421,40203,3.75
2229,Summer Sale,2025-03-29,75544,4355,579,4210,24755,31706,5.88
2230,Black Friday,2025-03-30,10786,3607,1194,4553,20409,7053,4.48
2231,Winter Discount,2025-03-01,148159,10068,1147,2110,16675,8612,7.9
2232,Black Friday,2025-03-02,142262,7232,559,1384,24564,41025,17.75
2233,Winter Discount,2025-03-03,166909,3305,1078,703,14041,8513,19.97
2234,New Arrivals,2025-03-04,143635,9798,1989,1930,18676,18937,9.68
2235,Black Friday,2025-03-05,87574,4947,407,559,3258,33951,5.83
2236,Winter Discount,2025-03-06,159192,9280,627,4388,9328,28007,2.13
2237,Winter Discount,2025-03-07,170739,3461,1833,4297,22951,10652,5.34
2238,Black Friday,2025-03-08,122465,7593,1972,347,15269,8891,44.0
2239,Winter Discount,2025-03-09,29040,9476,553,1194,13538,39189,11.34
2240,New Arrivals,2025-03-10,15276,3556,1388,2247,24329,42633,10.83
2241,New Arrivals,2025-03-11,165677,8156,327,1625,14131,4353,8.7
2242,Winter Discount,2025-03-12,117624,1429,1506,1606,1237,7151,0.77
2243,Winter Discount,2025-03-13,91711,941,585,410,24932,44700,60.81
2244,Holiday Special,2025-03-14,118663,8279,1672,969,21581,13816,22.27
2245,Winter Discount,2025-03-15,41678,2818,515,1177,11426,35141,9.71
2246,Summer Sale,2025-03-16,27135,2737,121,882,2612,18919,2.96
2247,New Arrivals,2025-03-17,31743,5255,80,2157,1218,18016,0.56
2248,Holiday Special,2025-03-18,123903,7084,820,148,21056,40124,142.27
2249,New Arrivals,2025-03-19,132459,10867,515,2027,1909,30370,0.94
2250,New Arrivals,2025-03-20,142320,9821,1592,3756,22823,30016,6.08
2251,Black Friday,2025-03-21,56356,9798,1423,3688,23676,14220,6.42
2252,Black Friday,2025-03-22,123367,526,1958,3278,10912,31067,3.33
2253,Holiday Special,2025-03-23,125936,12713,504,4282,11852,11526,2.77
2254,Holiday Special,2025-03-24,148101,14316,1994,3397,10091,19134,2.97
2255,Black Friday,2025-03-25,177584,7621,164,4999,12738,28401,2.55
2256,Black Friday,2025-03-26,17198,6861,813,2243,16843,44440,7.51
2257,Holiday Special,2025-03-27,35764,13600,240,3400,8190,46594,2.41
2258,Black Friday,2025-03-28,115266,10671,1895,1506,23907,7716,15.87
2259,Holiday Special,2025-03-29,162484,8646,400,4572,16835,26470,3.68
2260,Black Friday,2025-03-30,169491,9364,1800,1254,18852,13283,15.03
2261,Holiday Special,2025-03-01,44379,2064,1015,389,8279,28826,21.28
2262,Winter Discount,2025-03-02,165692,544,1818,3591,12340,12905,3.44
2263,Summer Sale,2025-03-03,28619,6980,1695,4304,11790,14071,2.74
2264,New Arrivals,2025-03-04,83501,12813,401,2598,7667,22308,2.95
2265,Summer Sale,2025-03-05,89077,9634,1418,2972,24705,46534,8.31
2266,Winter Discount,2025-03-06,171747,13992,121,1253,13796,35558,11.01
2267,Winter Discount,2025-03-07,132999,2561,1231,4156,870,4531,0.21
2268,New Arrivals,2025-03-08,168613,10607,960,968,5877,45169,6.07
2269,Black Friday,2025-03-09,166598,2822,173,1647,549,43790,0.33
2270,New Arrivals,2025-03-10,144639,6930,1440,1830,23541,48623,12.86
2271,Summer Sale,2025-03-11,129938,9791,1756,1121,6888,2019,6.14
2272,Black Friday,2025-03-12,191973,1239,1045,3264,24588,43120,7.53
2273,New Arrivals,2025-03-13,68146,12587,1669,975,21439,15677,21.99
2274,New Arrivals,2025-03-14,178384,11090,950,1341,1455,23316,1.09
2275,Winter Discount,2025-03-15,180278,3189,298,2976,13745,44585,4.62
2276,New Arrivals,2025-03-16,166307,10026,822,242,11990,40421,49.55
2277,Black Friday,2025-03-17,67242,5546,1897,3389,17766,26665,5.24
2278,New Arrivals,2025-03-18,182569,2332,1548,3352,22586,41519,6.74
2279,Holiday Special,2025-03-19,166363,2360,1031,4132,2618,41411,0.63
2280,Holiday Special,2025-03-20,21008,11331,1016,2969,22377,20676,7.54
2281,Holiday Special,2025-03-21,32202,6426,409,542,18653,3522,34.42
2282,Black Friday,2025-03-22,185109,616,1361,4772,18188,11260,3.81
2283,Winter Discount,2025-03-23,192676,3022,1581,2042,12183,16733,5.97
2284,Winter Discount,2025-03-24,24193,9412,120,4625,5959,48141,1.29
2285,New Arrivals,2025-03-25,137134,11109,1705,3235,19665,38502,6.08
2286,Black Friday,2025-03-26,34296,11411,1826,132,22531,36453,170.69
2287,New Arrivals,2025-03-27,197889,5083,1386,2765,19871,29977,7.19
2288,Winter Discount,2025-03-28,75507,13640,601,3139,14938,44291,4.76
2289,Holiday Special,2025-03-29,130065,8931,404,1954,21773,26140,11.14
2290,Summer Sale,2025-03-30,38404,10625,1925,3935,19877,27308,5.05
2291,Winter Discount,2025-03-01,144108,3366,420,170,11076,8003,65.15
2292,Holiday Special,2025-03-02,171804,12141,1011,2838,919,41534,0.32
2293,New Arrivals,2025-03-03,164572,7385,884,2992,10218,12605,3.42
2294,Black Friday,2025-03-04,163021,13401,491,217,9694,29831,44.67
2295,Black Friday,2025-03-05,51629,1664,1402,4337,16913,5665,3.9
2296,Summer Sale,2025-03-06,68566,1556,1671,1572,9690,41080,6.16
2297,Winter Discount,2025-03-07,93704,14197,100,3309,8873,32646,2.68
2298,Winter Discount,2025-03-08,165670,9434,1646,4844,21549,29078,4.45
2299,New Arrivals,2025-03-09,122206,1483,816,751,6554,13231,8.73
2300,New Arrivals,2025-03-10,187360,12255,63,402,6962,49451,17.32
2301,Winter Discount,2025-03-11,27958,13635,1604,3445,13814,32479,4.01
2302,Winter Discount,2025-03-12,193312,7691,1834,4766,6934,26418,1.45
2303,New Arrivals,2025-03-13,51472,12911,1432,161,2621,17717,16.28
2304,Summer Sale,2025-03-14,116796,10453,247,2829,20749,35523,7.33
2305,Summer Sale,2025-03-15,160437,11214,659,4801,5930,24494,1.24
2306,Winter Discount,2025-03-16,136194,8589,824,484,16832,29775,34.78
2307,New Arrivals,2025-03-17,131879,1708,1494,4072,22116,4005,5.43
2308,Black Friday,2025-03-18,110997,7210,889,3868,5897,5176,1.52
2309,Summer Sale,2025-03-19,136612,9805,809,2598,18101,46557,6.97
2310,New Arrivals,2025-03-20,86688,10498,1623,3016,1961,14260,0.65
2311,Holiday Special,2025-03-21,29001,8764,223,4862,4941,20572,1.02
2312,Black Friday,2025-03-22,141618,6660,1157,1619,21248,43913,13.12
2313,Black Friday,2025-03-23,173808,6032,1041,4957,7491,39703,1.51
2314,Summer Sale,2025-03-24,176755,14515,62,3966,19919,18401,5.02
2315,New Arrivals,2025-03-25,21431,781,1874,439,13885,15750,31.63
2316,Black Friday,2025-03-26,158449,10254,724,2696,19420,18647,7.2
2317,Black Friday,2025-03-27,54839,7317,1694,368,21209,19720,57.63
2318,Winter Discount,2025-03-28,94403,13553,146,1512,11671,37785,7.72
2319,New Arrivals,2025-03-29,124792,5102,832,1010,2840,3588,2.81
2320,Winter Discount,2025-03-30,65740,14976,560,4102,15544,30227,3.79
2321,Black Friday,2025-03-01,79410,5304,326,1721,4713,49679,2.74
2322,Holiday Special,2025-03-02,183121,10195,299,3000,21977,36655,7.33
2323,New Arrivals,2025-03-03,98097,4548,1641,2862,8318,40420,2.91
2324,Summer Sale,2025-03-04,159308,3958,607,4157,20996,47190,5.05
2325,Black Friday,2025-03-05,163357,4861,940,1860,12557,31841,6.75
2326,Black Friday,2025-03-06,37605,2844,1929,2832,23685,49031,8.36
2327,Summer Sale,2025-03-07,53373,13003,977,721,24961,44820,34.62
2328,New Arrivals,2025-03-08,149319,4386,747,1855,10179,10963,5.49
2329,Summer Sale,2025-03-09,72710,4121,607,3791,17431,28086,4.6
2330,Black Friday,2025-03-10,23746,2123,648,1447,11348,12036,7.84
2331,Summer Sale,2025-03-11,110321,2202,1098,4367,8680,15640,1.99
2332,Summer Sale,2025-03-12,130931,5360,1890,3485,3025,41339,0.87
2333,Summer Sale,2025-03-13,139112,6882,834,1910,1463,12290,0.77
2334,New Arrivals,2025-03-14,90503,2227,342,3072,16325,30601,5.31
2335,Winter Discount,2025-03-15,101393,10548,1756,1735,15813,22955,9.11
2336,Black Friday,2025-03-16,99236,2911,1275,773,24524,37294,31.73
2337,Black Friday,2025-03-17,199041,14671,357,2286,4057,18316,1.77
2338,Black Friday,2025-03-18,153553,14638,1497,2319,22841,20543,9.85
2339,Summer Sale,2025-03-19,55728,11848,725,191,16744,8859,87.66
2340,New Arrivals,2025-03-20,85356,1133,61,2088,22558,34610,10.8
2341,Winter Discount,2025-03-21,47912,12933,1845,4982,23450,23050,4.71
2342,Black Friday,2025-03-22,147046,535,488,2627,14458,41258,5.5
2343,Holiday Special,2025-03-23,175141,6229,558,413,2771,45429,6.71
2344,Black Friday,2025-03-24,190926,10302,531,791,18812,2461,23.78
2345,Black Friday,2025-03-25,126237,6592,1484,4167,23126,23108,5.55
2346,New Arrivals,2025-03-26,57183,10931,471,2738,15055,10195,5.5
2347,Winter Discount,2025-03-27,29440,6505,1170,4773,10508,39222,2.2
2348,Black Friday,2025-03-28,68977,3090,715,360,18221,39894,50.61
2349,New Arrivals,2025-03-29,192006,13005,142,1029,20053,22913,19.49
2350,Winter Discount,2025-03-30,92104,2404,1963,624,19164,28205,30.71
2351,Black Friday,2025-03-01,12397,1706,1663,2313,13337,15811,5.77
2352,Holiday Special,2025-03-02,155764,14491,123,4791,11635,33120,2.43
2353,New Arrivals,2025-03-03,82488,9368,1924,2975,4037,38330,1.36
2354,Summer Sale,2025-03-04,28234,11729,219,3710,6270,41863,1.69
2355,Black Friday,2025-03-05,135613,5636,733,3065,9445,8468,3.08
2356,Winter Discount,2025-03-06,153178,11426,1352,4401,14339,11738,3.26
2357,Black Friday,2025-03-07,188029,13898,626,863,11752,18044,13.62
2358,Winter Discount,2025-03-08,98023,5423,949,126,16854,12240,133.76
2359,New Arrivals,2025-03-09,62538,11225,1480,2931,20214,44530,6.9
2360,New Arrivals,2025-03-10,93380,11369,1967,3951,13843,6948,3.5
2361,Holiday Special,2025-03-11,141813,10901,423,4982,18382,29766,3.69
2362,New Arrivals,2025-03-12,89262,1489,579,4361,1458,30393,0.33
2363,New Arrivals,2025-03-13,198008,8824,1529,1460,10442,32169,7.15
2364,New Arrivals,2025-03-14,46431,2656,237,4708,4655,3523,0.99
2365,New Arrivals,2025-03-15,57139,13006,1131,2926,22594,32276,7.72
2366,Winter Discount,2025-03-16,17260,13557,984,2413,22950,4179,9.51
2367,Winter Discount,2025-03-17,193590,663,1981,3990,15826,11260,3.97
2368,New Arrivals,2025-03-18,67282,6851,826,4047,24864,46886,6.14
2369,Black Friday,2025-03-19,187148,1609,326,102,16216,26676,158.98
2370,Summer Sale,2025-03-20,74361,8470,1555,2349,8284,34176,3.53
2371,Winter Discount,2025-03-21,49106,11129,101,539,19709,23746,36.57
2372,Winter Discount,2025-03-22,152730,1644,350,822,11706,26982,14.24
2373,Summer Sale,2025-03-23,182342,3215,1364,4869,15860,23777,3.26
2374,Holiday Special,2025-03-24,119068,12475,1897,4760,2917,41151,0.61
2375,Summer Sale,2025-03-25,149556,3999,1888,4768,21456,32418,4.5
2376,Winter Discount,2025-03-26,88215,11310,1787,1688,19876,12132,11.77
2377,Summer Sale,2025-03-27,54908,14573,1362,3248,7314,28248,2.25
2378,New Arrivals,2025-03-28,132653,1074,592,727,11136,16831,15.32
2379,Summer Sale,2025-03-29,155919,6929,298,4322,3916,21917,0.91
2380,Winter Discount,2025-03-30,21800,11497,1059,3656,20545,28388,5.62
2381,Winter Discount,2025-03-01,121362,10089,1035,2114,8918,47420,4.22
2382,Summer Sale,2025-03-02,22129,5049,93,4709,7938,19299,1.69
2383,Summer Sale,2025-03-03,95148,2345,1090,3115,16537,40499,5.31
2384,Holiday Special,2025-03-04,182588,10031,983,4223,8134,25177,1.93
2385,Holiday Special,2025-03-05,197790,12604,1821,2370,17353,27330,7.32
2386,Black Friday,2025-03-06,51413,13176,1791,679,12911,3526,19.01
2387,Winter Discount,2025-03-07,13880,13141,765,1830,5107,7493,2.79
2388,Holiday Special,2025-03-08,109977,562,103,1069,19721,33031,18.45
2389,Black Friday,2025-03-09,79930,14366,1233,1217,13731,46506,11.28
2390,New Arrivals,2025-03-10,40140,2724,1281,859,7906,9176,9.2
2391,Holiday Special,2025-03-11,146157,2205,1451,286,16448,7003,57.51
2392,Summer Sale,2025-03-12,23224,14169,388,1692,22401,40579,13.24
2393,Black Friday,2025-03-13,97860,4467,1918,3809,3358,26925,0.88
2394,Summer Sale,2025-03-14,178879,5112,1580,3955,17634,15073,4.46
2395,Winter Discount,2025-03-15,17261,7936,1754,1886,1763,41312,0.93
2396,New Arrivals,2025-03-16,83988,10347,105,4636,23648,17970,5.1
2397,Summer Sale,2025-03-17,17442,10870,1317,3142,6442,15663,2.05
2398,Winter Discount,2025-03-18,156983,14457,599,1679,1323,41466,0.79
2399,New Arrivals,2025-03-19,192770,4598,252,2069,1377,17152,0.67
2400,Holiday Special,2025-03-20,56259,2247,1771,2309,2813,45492,1.22
2401,Holiday Special,2025-03-21,127178,944,1110,2298,2193,21701,0.95
2402,Winter Discount,2025-03-22,190156,10302,1226,840,7769,49027,9.25
2403,Summer Sale,2025-03-23,148151,11833,1708,4828,1757,21736,0.36
2404,New Arrivals,2025-03-24,192644,8227,349,3980,20191,27997,5.07
2405,New Arrivals,2025-03-25,17911,5473,1008,3730,15208,45875,4.08
2406,Black Friday,2025-03-26,171241,5180,1722,3076,21837,9561,7.1
2407,Summer Sale,2025-03-27,26295,940,1761,2096,1312,11174,0.63
2408,Holiday Special,2025-03-28,22465,9914,104,2565,21709,43930,8.46
2409,Holiday Special,2025-03-29,80323,4508,1816,3221,20618,31214,6.4
2410,Summer Sale,2025-03-30,173981,10150,1193,1488,23884,8026,16.05
2411,Holiday Special,2025-03-01,138015,10586,315,3253,15129,10844,4.65
2412,Holiday Special,2025-03-02,169370,9517,1564,1691,21569,38974,12.76
2413,Summer Sale,2025-03-03,129233,8357,579,2213,756,32398,0.34
2414,Holiday Special,2025-03-04,49865,8364,960,1310,1042,19497,0.8
2415,Winter Discount,2025-03-05,12829,3135,686,4453,20576,17417,4.62
2416,Black Friday,2025-03-06,165173,1571,843,3005,17975,9433,5.98
2417,New Arrivals,2025-03-07,71761,11411,1087,813,11122,29232,13.68
2418,Black Friday,2025-03-08,54591,2250,539,785,4311,2101,5.49
2419,Summer Sale,2025-03-09,58964,5620,1175,3888,12555,4064,3.23
2420,Winter Discount,2025-03-10,135159,11591,749,4896,17293,5194,3.53
2421,Summer Sale,2025-03-11,21960,5236,263,3424,2652,33624,0.77
2422,Summer Sale,2025-03-12,83940,8115,1339,2952,23809,28410,8.07
2423,Holiday Special,2025-03-13,88584,7314,466,1787,23860,19117,13.35
2424,Summer Sale,2025-03-14,24874,5575,534,2605,7763,21072,2.98
2425,Black Friday,2025-03-15,100447,8718,135,717,2359,9771,3.29
2426,Winter Discount,2025-03-16,123776,5075,1627,4048,2797,3239,0.69
2427,Summer Sale,2025-03-17,71875,9566,1509,4398,1753,22195,0.4
2428,Winter Discount,2025-03-18,117696,5679,895,4480,20142,32753,4.5
2429,Summer Sale,2025-03-19,142922,9802,1621,716,11051,31980,15.43
2430,New Arrivals,2025-03-20,32295,1952,902,1557,12133,18409,7.79
2431,Black Friday,2025-03-21,64529,11576,580,4581,4305,42814,0.94
2432,Holiday Special,2025-03-22,19676,13766,55,4461,1183,36683,0.27
2433,Black Friday,2025-03-23,93620,13557,1453,1175,5842,32836,4.97
2434,Black Friday,2025-03-24,56618,5389,556,3392,1949,45558,0.57
2435,Holiday Special,2025-03-25,119384,13664,650,1458,16787,44846,11.51
2436,Winter Discount,2025-03-26,29975,6158,251,4506,3602,9491,0.8
2437,Winter Discount,2025-03-27,34507,5218,130,3792,20572,2892,5.43
2438,Black Friday,2025-03-28,43454,13166,712,4619,16206,16439,3.51
2439,New Arrivals,2025-03-29,131932,7615,583,1023,18292,21416,17.88
2440,New Arrivals,2025-03-30,24584,1614,927,2508,4094,15106,1.63
2441,Black Friday,2025-03-01,182576,8496,1445,3041,21632,48999,7.11
2442,Winter Discount,2025-03-02,130283,10935,1405,551,6070,29597,11.02
2443,Summer Sale,2025-03-03,12660,5458,817,2765,11626,7729,4.2
2444,Holiday Special,2025-03-04,125663,1465,872,909,18254,18499,20.08
2445,Summer Sale,2025-03-05,110826,9660,671,2743,4433,32161,1.62
2446,Holiday Special,2025-03-06,113066,14519,444,2988,3551,7963,1.19
2447,Winter Discount,2025-03-07,26621,4531,676,1341,21828,16116,16.28
2448,Summer Sale,2025-03-08,122211,9442,918,4677,8489,2997,1.82
2449,New Arrivals,2025-03-09,121766,11301,884,512,17664,25096,34.5
2450,Black Friday,2025-03-10,155853,1790,370,4660,669,30278,0.14
2451,Summer Sale,2025-03-11,35573,12085,1630,4180,672,40667,0.16
2452,New Arrivals,2025-03-12,148740,10500,543,1538,16427,8448,10.68
2453,New Arrivals,2025-03-13,48473,10357,1265,1818,17689,28829,9.73
2454,Holiday Special,2025-03-14,20611,7190,1559,2369,8316,15243,3.51
2455,Winter Discount,2025-03-15,141037,6649,803,4444,9141,42426,2.06
2456,Holiday Special,2025-03-16,15806,7648,991,2813,20685,5194,7.35
2457,Winter Discount,2025-03-17,164324,11097,190,3073,17026,40112,5.54
2458,Holiday Special,2025-03-18,150735,4176,590,1071,9837,27323,9.18
2459,Winter Discount,2025-03-19,116252,3002,1968,724,13870,7280,19.16
2460,New Arrivals,2025-03-20,100883,14197,143,975,18662,5584,19.14
2461,Winter Discount,2025-03-21,149734,14260,542,4137,15454,23957,3.74
2462,New Arrivals,2025-03-22,155812,9773,960,4628,18619,28093,4.02
2463,New Arrivals,2025-03-23,84073,9791,664,4026,14600,15035,3.63
2464,Summer Sale,2025-03-24,26094,10471,1239,3230,15544,4587,4.81
2465,Holiday Special,2025-03-25,138427,11322,1311,1402,10969,13214,7.82
2466,Black Friday,2025-03-26,197162,12584,444,2710,11264,11628,4.16
2467,Black Friday,2025-03-27,40155,1716,1232,4134,10771,28451,2.61
2468,Black Friday,2025-03-28,162444,698,513,2476,24690,28961,9.97
2469,Holiday Special,2025-03-29,120024,1181,1992,1239,14307,44597,11.55
2470,Holiday Special,2025-03-30,132316,4067,1418,1880,1701,3635,0.9
2471,Holiday Special,2025-03-01,35281,5974,376,4822,14011,9355,2.91
2472,New Arrivals,2025-03-02,93699,6413,710,1215,9455,43343,7.78
2473,Winter Discount,2025-03-03,25067,7719,1092,4190,6911,31002,1.65
2474,Summer Sale,2025-03-04,189469,4154,99,2402,19512,6434,8.12
2475,Winter Discount,2025-03-05,38775,12092,156,4013,24227,25495,6.04
2476,Summer Sale,2025-03-06,189794,9086,1121,3296,10651,22261,3.23
2477,Winter Discount,2025-03-07,79345,2535,1127,4493,16288,10551,3.63
2478,Summer Sale,2025-03-08,136752,1583,1210,4801,14716,6522,3.07
2479,Holiday Special,2025-03-09,94601,7601,1111,3206,22378,29730,6.98
2480,New Arrivals,2025-03-10,124726,10736,1763,4059,5137,31441,1.27
2481,Summer Sale,2025-03-11,108304,9382,1604,405,11203,32505,27.66
2482,Summer Sale,2025-03-12,114482,10330,1199,308,18731,33677,60.81
2483,Holiday Special,2025-03-13,165454,2886,1514,4335,13688,35105,3.16
2484,Summer Sale,2025-03-14,184939,1800,878,1198,13715,47253,11.45
2485,Black Friday,2025-03-15,56808,9808,1869,1035,2612,35664,2.52
2486,Black Friday,2025-03-16,97961,4795,673,3616,10356,36149,2.86
2487,Black Friday,2025-03-17,58895,14430,1997,743,14651,38686,19.72
2488,Holiday Special,2025-03-18,139468,13215,586,630,16170,23046,25.67
2489,Holiday Special,2025-03-19,111207,11375,1849,819,5481,11711,6.69
2490,Black Friday,2025-03-20,130905,10388,1678,4115,960,4534,0.23
2491,Summer Sale,2025-03-21,157297,13147,1886,290,12333,4737,42.53
2492,Summer Sale,2025-03-22,98989,13697,268,3946,4779,48903,1.21
2493,Summer Sale,2025-03-23,125020,5479,1091,1098,9067,14204,8.26
2494,Winter Discount,2025-03-24,86489,7693,1706,4118,13955,10595,3.39
2495,Summer Sale,2025-03-25,185232,5925,1764,2579,13172,15426,5.11
2496,Holiday Special,2025-03-26,86812,4992,1416,4017,16892,19702,4.21
2497,Black Friday,2025-03-27,92745,2213,1969,161,16531,24244,102.68
2498,Holiday Special,2025-03-28,77394,3832,866,1562,14957,9108,9.58
2499,Black Friday,2025-03-29,77119,4564,1395,306,21768,26119,71.14
2500,Summer Sale,2025-03-30,34108,5628,1238,4932,21388,44296,4.34
2501,Summer Sale,2025-03-01,23954,10223,1092,1852,21918,34541,11.83
2502,Winter Discount,2025-03-02,192336,3804,483,3729,2552,28226,0.68
2503,Summer Sale,2025-03-03,157564,960,1349,1908,14159,21924,7.42
2504,Winter Discount,2025-03-04,121717,2866,1261,2905,5703,2983,1.96
2505,Holiday Special,2025-03-05,19559,11359,1925,3231,21252,28867,6.58
2506,New Arrivals,2025-03-06,147802,13511,1244,4906,5420,44977,1.1
2507,Winter Discount,2025-03-07,156784,12678,1045,4626,6586,10021,1.42
2508,Black Friday,2025-03-08,193212,10608,1470,1539,9533,27925,6.19
2509,Summer Sale,2025-03-09,127823,3550,332,2135,12119,49029,5.68
2510,Black Friday,2025-03-10,16074,4105,1827,1189,24522,14432,20.62
2511,Holiday Special,2025-03-11,99403,1073,1884,2103,11083,6222,5.27
2512,New Arrivals,2025-03-12,65052,14060,399,2914,16093,26597,5.52
2513,New Arrivals,2025-03-13,130513,13555,1675,1262,20794,17188,16.48
2514,Summer Sale,2025-03-14,33999,1769,699,3571,19794,36272,5.54
2515,New Arrivals,2025-03-15,125562,4288,1876,2178,23283,49305,10.69
2516,Winter Discount,2025-03-16,48680,9231,1892,1166,6757,20113,5.8
2517,Winter Discount,2025-03-17,185421,12838,655,1426,13191,29774,9.25
2518,Black Friday,2025-03-18,179181,3989,258,4271,9154,25868,2.14
2519,Black Friday,2025-03-19,90888,11362,1949,2119,13583,27450,6.41
2520,Summer Sale,2025-03-20,134155,4860,892,1696,15204,7270,8.96
2521,Holiday Special,2025-03-21,10758,2182,1103,2246,23005,23520,10.24
2522,Holiday Special,2025-03-22,117549,6603,1037,945,11901,31543,12.59
2523,Holiday Special,2025-03-23,191889,9387,1443,4351,20937,7180,4.81
2524,Black Friday,2025-03-24,34556,5132,989,1622,20883,3948,12.87
2525,Black Friday,2025-03-25,167602,12799,1380,3859,6242,36352,1.62
2526,Holiday Special,2025-03-26,15656,10531,1277,866,12325,46316,14.23
2527,New Arrivals,2025-03-27,137198,14697,669,2146,18611,48333,8.67
2528,Black Friday,2025-03-28,14589,13054,110,1988,18737,10514,9.43
2529,Holiday Special,2025-03-29,133818,8016,649,1936,14988,41118,7.74
2530,Winter Discount,2025-03-30,127706,11995,883,3917,6021,18034,1.54
2531,New Arrivals,2025-03-01,73382,7251,1390,4166,4960,34066,1.19
2532,Black Friday,2025-03-02,101848,1290,1498,1868,15875,49868,8.5
2533,New Arrivals,2025-03-03,19296,14085,726,2224,1899,31764,0.85
2534,Holiday Special,2025-03-04,156012,881,815,228,14097,21401,61.83
2535,Black Friday,2025-03-05,11135,1269,205,2327,18519,4558,7.96
2536,Black Friday,2025-03-06,96117,8864,1864,254,16452,11653,64.77
2537,Winter Discount,2025-03-07,121143,4316,536,3163,14617,11642,4.62
2538,Winter Discount,2025-03-08,121483,12034,1407,1546,3328,9223,2.15
2539,Black Friday,2025-03-09,56948,14764,473,488,13619,44544,27.91
2540,Holiday Special,2025-03-10,103324,10831,705,4521,2457,24698,0.54
2541,Black Friday,2025-03-11,180537,10279,1131,1090,7697,23457,7.06
2542,Black Friday,2025-03-12,43968,13674,1799,4633,8100,12697,1.75
2543,Holiday Special,2025-03-13,71051,11281,743,1667,6629,27986,3.98
2544,Winter Discount,2025-03-14,56478,6548,1102,3210,21088,38633,6.57
2545,Winter Discount,2025-03-15,131272,14749,399,1626,2810,33977,1.73
2546,Black Friday,2025-03-16,186378,3834,1539,2781,6889,45731,2.48
2547,Holiday Special,2025-03-17,75471,8121,1492,779,973,47239,1.25
2548,Summer Sale,2025-03-18,145548,4294,1405,2463,21667,45796,8.8
2549,Summer Sale,2025-03-19,143140,11669,465,3730,8338,47028,2.24
2550,Black Friday,2025-03-20,79050,4417,1327,4094,14376,30155,3.51
2551,Holiday Special,2025-03-21,141172,10158,642,3231,7761,3783,2.4
2552,Summer Sale,2025-03-22,175823,2808,904,4650,10060,43530,2.16
2553,Black Friday,2025-03-23,14229,9971,1763,1454,4801,22444,3.3
2554,New Arrivals,2025-03-24,163969,1926,476,3048,8185,17585,2.69
2555,Black Friday,2025-03-25,154944,4394,292,360,18422,12324,51.17
2556,New Arrivals,2025-03-26,145999,12420,1299,4931,2831,40643,0.57
2557,Holiday Special,2025-03-27,122849,7614,1917,925,4295,43753,4.64
2558,Holiday Special,2025-03-28,117659,1735,1205,2779,18828,11652,6.78
2559,New Arrivals,2025-03-29,53052,3039,1575,3138,2577,38426,0.82
2560,Winter Discount,2025-03-30,193141,703,1544,4850,4891,19767,1.01
2561,Winter Discount,2025-03-01,175309,7771,207,3843,13629,26111,3.55
2562,New Arrivals,2025-03-02,34183,13353,498,208,19857,16541,95.47
2563,Black Friday,2025-03-03,35482,13645,870,4387,11192,21948,2.55
2564,Winter Discount,2025-03-04,12447,5531,638,2529,9801,37560,3.88
2565,Summer Sale,2025-03-05,113792,11665,258,1987,14142,26121,7.12
2566,Winter Discount,2025-03-06,172019,8724,1527,1673,10614,26908,6.34
2567,Black Friday,2025-03-07,96765,563,233,3159,6190,30941,1.96
2568,Black Friday,2025-03-08,75256,2984,1060,2964,20840,37211,7.03
2569,Summer Sale,2025-03-09,19581,6137,1113,1984,1999,40579,1.01
2570,Holiday Special,2025-03-10,135598,10293,1421,822,8247,46720,10.03
2571,Winter Discount,2025-03-11,171697,14430,1942,2910,2834,28401,0.97
2572,Holiday Special,2025-03-12,160690,2313,1659,3460,18760,48608,5.42
2573,Holiday Special,2025-03-13,63310,6507,1308,3248,7688,31190,2.37
2574,New Arrivals,2025-03-14,106181,14510,1375,2855,16379,4840,5.74
2575,Winter Discount,2025-03-15,98387,13823,361,1017,20864,5126,20.52
2576,Black Friday,2025-03-16,84113,3530,1833,240,9419,30611,39.25
2577,Winter Discount,2025-03-17,177282,7383,1012,1793,24683,19350,13.77
2578,Holiday Special,2025-03-18,153241,9657,696,4079,18454,42641,4.52
2579,Holiday Special,2025-03-19,115124,12505,1014,2619,10761,47180,4.11
2580,New Arrivals,2025-03-20,32683,1989,1731,4027,4029,49616,1.0
2581,Holiday Special,2025-03-21,112362,5961,863,3834,16304,41073,4.25
2582,Holiday Special,2025-03-22,66512,11219,522,323,2519,11971,7.8
2583,Winter Discount,2025-03-23,73777,759,941,3037,9962,24795,3.28
2584,New Arrivals,2025-03-24,167708,12242,1379,3325,3712,17564,1.12
2585,Holiday Special,2025-03-25,82326,569,1490,1580,2529,26316,1.6
2586,Holiday Special,2025-03-26,109229,9081,1085,851,7890,26123,9.27
2587,New Arrivals,2025-03-27,52321,4408,224,3835,11448,39460,2.99
2588,Black Friday,2025-03-28,52547,3397,1759,3784,20843,6075,5.51
2589,Holiday Special,2025-03-29,13120,5936,1375,2030,14700,6502,7.24
2590,New Arrivals,2025-03-30,71623,13391,318,3232,6472,39821,2.0
2591,Black Friday,2025-03-01,49985,12992,1186,464,4900,40913,10.56
2592,New Arrivals,2025-03-02,85953,6492,875,1060,16804,41930,15.85
2593,Winter Discount,2025-03-03,20432,8236,1290,2388,15559,3562,6.52
2594,Black Friday,2025-03-04,56300,6709,1746,2756,20890,43810,7.58
2595,New Arrivals,2025-03-05,152903,8762,1015,1183,6213,22266,5.25
2596,New Arrivals,2025-03-06,102702,7534,1697,4298,13881,36622,3.23
2597,Winter Discount,2025-03-07,73336,2068,648,4728,12700,12122,2.69
2598,Black Friday,2025-03-08,105685,833,1737,1900,563,21587,0.3
2599,Winter Discount,2025-03-09,179972,3499,1520,3725,12426,21669,3.34
2600,Winter Discount,2025-03-10,117475,3085,1979,1020,3224,23117,3.16
2601,Black Friday,2025-03-11,38906,9312,1191,4628,5170,5883,1.12
2602,New Arrivals,2025-03-12,171955,11986,1074,4100,21117,18543,5.15
2603,Winter Discount,2025-03-13,147259,712,545,2858,22797,34886,7.98
2604,Black Friday,2025-03-14,189391,8869,1106,3865,9692,14387,2.51
2605,Holiday Special,2025-03-15,171517,5964,1643,4958,21658,7680,4.37
2606,Winter Discount,2025-03-16,73162,5697,291,3874,11158,16225,2.88
2607,Summer Sale,2025-03-17,178797,2717,142,117,19442,19247,166.17
2608,Holiday Special,2025-03-18,41500,11468,1819,3094,3381,27084,1.09
2609,Summer Sale,2025-03-19,109929,11382,1959,2774,20088,23808,7.24
2610,Holiday Special,2025-03-20,68235,1337,1072,3193,12027,8482,3.77
2611,Holiday Special,2025-03-21,119302,3375,541,185,3248,17814,17.56
2612,Winter Discount,2025-03-22,36841,7233,1530,3292,21921,40223,6.66
2613,New Arrivals,2025-03-23,16247,3548,637,1078,17442,32331,16.18
2614,Summer Sale,2025-03-24,173479,14536,1076,954,24048,12119,25.21
2615,Winter Discount,2025-03-25,10257,6098,1624,3925,20889,36506,5.32
2616,Summer Sale,2025-03-26,140646,11110,403,2376,19891,40989,8.37
2617,Summer Sale,2025-03-27,76622,11784,1525,634,11589,4846,18.28
2618,Winter Discount,2025-03-28,100962,3630,1852,1904,13153,5882,6.91
2619,Winter Discount,2025-03-29,156384,5026,828,1503,6057,23812,4.03
2620,Black Friday,2025-03-30,57676,2754,958,484,14034,3919,29.0
2621,Winter Discount,2025-03-01,164221,5302,598,4265,21336,43486,5.0
2622,Winter Discount,2025-03-02,55880,2458,1407,1143,8904,3993,7.79
2623,Winter Discount,2025-03-03,92933,8440,364,432,21050,22530,48.73
2624,Holiday Special,2025-03-04,29717,10741,1354,4049,21344,47089,5.27
2625,New Arrivals,2025-03-05,138957,11602,1875,2732,18205,40080,6.66
2626,Holiday Special,2025-03-06,79873,2427,1264,1169,13408,37499,11.47
2627,New Arrivals,2025-03-07,167724,7986,415,1900,20389,3155,10.73
2628,Black Friday,2025-03-08,85964,1801,1850,2042,2353,43861,1.15
2629,Winter Discount,2025-03-09,188911,8557,311,3766,7283,24610,1.93
2630,New Arrivals,2025-03-10,156762,6370,1558,1698,20055,27531,11.81
2631,Winter Discount,2025-03-11,185445,8460,198,4324,13315,39553,3.08
2632,Black Friday,2025-03-12,136266,9812,1003,4250,2594,39830,0.61
2633,New Arrivals,2025-03-13,17895,4572,350,969,9014,21860,9.3
2634,Holiday Special,2025-03-14,18619,1805,873,4084,16496,25643,4.04
2635,Holiday Special,2025-03-15,177450,3756,1373,236,21638,45170,91.69
2636,Holiday Special,2025-03-16,157584,9896,380,2324,5348,35317,2.3
2637,New Arrivals,2025-03-17,143698,10242,959,554,7830,19010,14.13
2638,Winter Discount,2025-03-18,141946,3879,87,1319,18025,16684,13.67
2639,Black Friday,2025-03-19,164382,11184,576,1258,19684,36309,15.65
2640,Black Friday,2025-03-20,89226,11563,1437,2750,8863,19751,3.22
2641,New Arrivals,2025-03-21,52738,11803,1152,819,9312,30589,11.37
2642,Black Friday,2025-03-22,148028,8428,499,3229,7121,38890,2.21
2643,Holiday Special,2025-03-23,43701,8311,1811,3242,1394,10410,0.43
2644,Winter Discount,2025-03-24,199756,13029,766,462,12131,15174,26.26
2645,Holiday Special,2025-03-25,108533,6319,59,379,6232,49984,16.44
2646,Black Friday,2025-03-26,147647,10739,1772,1022,9599,32160,9.39
2647,Holiday Special,2025-03-27,24473,536,1975,3058,18509,4753,6.05
2648,Summer Sale,2025-03-28,175809,2892,550,4284,22190,9831,5.18
2649,Summer Sale,2025-03-29,143540,14754,1766,2735,3470,33734,1.27
2650,Holiday Special,2025-03-30,174947,846,911,3715,23023,7896,6.2
2651,Holiday Special,2025-03-01,16997,4353,403,3641,24227,36492,6.65
2652,New Arrivals,2025-03-02,136842,1714,1169,774,13096,3027,16.92
2653,Holiday Special,2025-03-03,65873,4510,1528,4768,20285,43234,4.25
2654,Holiday Special,2025-03-04,94787,5557,1636,1674,8880,13871,5.3
2655,Winter Discount,2025-03-05,14136,12847,1835,1675,3917,44302,2.34
2656,Holiday Special,2025-03-06,199891,6717,1006,4740,7394,28105,1.56
2657,Holiday Special,2025-03-07,57661,3138,966,2892,10909,9397,3.77
2658,New Arrivals,2025-03-08,174823,11736,967,4511,13057,15416,2.89
2659,Winter Discount,2025-03-09,161635,760,1944,2163,16082,23920,7.44
2660,Black Friday,2025-03-10,85248,3112,645,4583,2199,46996,0.48
2661,Winter Discount,2025-03-11,183759,1602,285,3755,8036,40846,2.14
2662,New Arrivals,2025-03-12,162666,11526,822,1848,9563,15348,5.17
2663,Black Friday,2025-03-13,37235,6695,1173,249,5422,39945,21.78
2664,Summer Sale,2025-03-14,52827,9794,1716,2784,10822,47603,3.89
2665,Winter Discount,2025-03-15,153555,954,183,3542,16814,5249,4.75
2666,Black Friday,2025-03-16,101988,7207,1796,3266,11547,5716,3.54
2667,Winter Discount,2025-03-17,38919,12829,1943,4208,16393,10454,3.9
2668,Holiday Special,2025-03-18,196612,8055,738,3745,17634,14711,4.71
2669,Holiday Special,2025-03-19,130133,5163,712,3066,22379,35908,7.3
2670,Summer Sale,2025-03-20,113728,13566,336,358,10327,9024,28.85
2671,Winter Discount,2025-03-21,122665,12597,1842,641,9167,21195,14.3
2672,Winter Discount,2025-03-22,126679,14018,1786,4396,10958,5542,2.49
2673,Holiday Special,2025-03-23,156004,5520,1028,4249,19363,26024,4.56
2674,Summer Sale,2025-03-24,83089,14244,1621,4462,11857,34165,2.66
2675,Winter Discount,2025-03-25,187762,2678,1681,4823,19107,41111,3.96
2676,Summer Sale,2025-03-26,62249,5319,1645,1292,1958,35070,1.52
2677,Holiday Special,2025-03-27,135125,14017,435,3474,12966,39997,3.73
2678,New Arrivals,2025-03-28,41462,11329,1538,1330,13570,2398,10.2
2679,Summer Sale,2025-03-29,46720,8861,1936,843,2102,18270,2.49
2680,Winter Discount,2025-03-30,12427,8012,1212,2169,20846,27935,9.61
2681,Black Friday,2025-03-01,102451,9108,614,3915,7907,29367,2.02
2682,Winter Discount,2025-03-02,186218,2931,1295,4012,23684,34379,5.9
2683,Black Friday,2025-03-03,56010,13664,1597,3011,6418,22991,2.13
2684,New Arrivals,2025-03-04,143873,2364,1697,1686,22458,2422,13.32
2685,Summer Sale,2025-03-05,127711,4388,768,3242,19381,48519,5.98
2686,New Arrivals,2025-03-06,85645,9822,1152,3432,20470,13016,5.96
2687,Summer Sale,2025-03-07,179312,4548,1032,2354,22453,38515,9.54
2688,New Arrivals,2025-03-08,154942,13664,987,2687,23110,27145,8.6
2689,New Arrivals,2025-03-09,171890,7877,1168,2827,11802,7834,4.17
2690,Holiday Special,2025-03-10,20418,8139,1518,599,20929,46931,34.94
2691,Summer Sale,2025-03-11,157650,9427,498,2955,8065,32798,2.73
2692,Winter Discount,2025-03-12,159112,13359,1261,1840,19434,43698,10.56
2693,Winter Discount,2025-03-13,42694,10440,640,2710,23337,15891,8.61
2694,Winter Discount,2025-03-14,130201,3050,1759,2022,14072,38625,6.96
2695,Black Friday,2025-03-15,188008,4795,1521,1444,5256,38168,3.64
2696,Black Friday,2025-03-16,18527,13325,132,1362,8838,18247,6.49
2697,Summer Sale,2025-03-17,49765,10393,916,4967,18036,14661,3.63
2698,Holiday Special,2025-03-18,130210,13347,964,3183,18152,7101,5.7
2699,Winter Discount,2025-03-19,149347,11603,698,377,23186,4584,61.5
2700,Holiday Special,2025-03-20,28346,8541,1273,4346,8589,41588,1.98
2701,Winter Discount,2025-03-21,39459,6882,1368,4842,12630,18301,2.61
2702,Summer Sale,2025-03-22,31876,8578,361,601,23844,24800,39.67
2703,Winter Discount,2025-03-23,66391,14198,1030,1765,10968,23507,6.21
2704,New Arrivals,2025-03-24,109426,714,775,557,8708,40925,15.63
2705,New Arrivals,2025-03-25,57583,14469,262,1116,8775,38267,7.86
2706,Black Friday,2025-03-26,93417,7115,1894,1973,2257,35961,1.14
2707,New Arrivals,2025-03-27,94433,4421,468,723,9113,44862,12.6
2708,New Arrivals,2025-03-28,145839,10009,1701,3698,24578,45724,6.65
2709,Black Friday,2025-03-29,180168,12335,1660,2107,3770,9510,1.79
2710,Holiday Special,2025-03-30,73003,8824,1456,1108,4889,7039,4.41
2711,New Arrivals,2025-03-01,110542,10446,826,1633,16776,10014,10.27
2712,Black Friday,2025-03-02,177546,11174,927,642,6990,26708,10.89
2713,Summer Sale,2025-03-03,76899,6089,1596,799,839,16798,1.05
2714,Winter Discount,2025-03-04,196590,2224,523,1852,23644,18279,12.77
2715,Winter Discount,2025-03-05,122514,5043,1486,679,8731,45011,12.86
2716,Holiday Special,2025-03-06,176797,3559,1778,1055,15034,20592,14.25
2717,Summer Sale,2025-03-07,17669,12194,490,967,24736,12284,25.58
2718,Black Friday,2025-03-08,33913,7821,1330,4005,10966,47705,2.74
2719,New Arrivals,2025-03-09,54913,9307,736,4303,8145,27774,1.89
2720,Summer Sale,2025-03-10,155327,10881,346,4911,22975,20572,4.68
2721,Winter Discount,2025-03-11,193489,9195,1358,2662,12968,21909,4.87
2722,Holiday Special,2025-03-12,196287,12652,443,4146,9921,22377,2.39
2723,New Arrivals,2025-03-13,110470,13397,533,2308,23180,14251,10.04
2724,Holiday Special,2025-03-14,173244,2308,707,822,3814,27509,4.64
2725,Black Friday,2025-03-15,101440,702,1339,1760,13330,20917,7.57
2726,New Arrivals,2025-03-16,25761,5413,1213,2081,19511,49101,9.38
2727,Summer Sale,2025-03-17,156775,6143,133,369,22031,48902,59.7
2728,Winter Discount,2025-03-18,122824,3325,233,2078,5903,2010,2.84
2729,Winter Discount,2025-03-19,48963,9801,1124,4236,19959,36513,4.71
2730,New Arrivals,2025-03-20,44630,10581,281,2228,16368,26553,7.35
2731,Winter Discount,2025-03-21,24089,9764,1412,1296,15921,32201,12.28
2732,Winter Discount,2025-03-22,100506,9991,332,2220,21050,10191,9.48
2733,Winter Discount,2025-03-23,134723,10199,495,2220,5306,36644,2.39
2734,Holiday Special,2025-03-24,103977,1297,1235,384,8786,27220,22.88
2735,Holiday Special,2025-03-25,68514,10828,300,3030,21147,44403,6.98
2736,Summer Sale,2025-03-26,100441,13017,120,4704,21891,2952,4.65
2737,Winter Discount,2025-03-27,198819,10838,1932,3221,683,47790,0.21
2738,New Arrivals,2025-03-28,189421,5485,1744,4623,17314,14064,3.75
2739,Summer Sale,2025-03-29,87301,3355,1798,2556,16687,4459,6.53
2740,Black Friday,2025-03-30,152381,3442,1165,4412,6986,44903,1.58
2741,Holiday Special,2025-03-01,86673,6191,1385,192,20681,36550,107.71
2742,Winter Discount,2025-03-02,51330,4562,637,2611,18122,31086,6.94
2743,Winter Discount,2025-03-03,177093,7367,58,4090,10436,4083,2.55
2744,Black Friday,2025-03-04,149680,13893,1620,1995,19260,30233,9.65
2745,Winter Discount,2025-03-05,119023,13337,1903,3651,3779,49477,1.04
2746,Winter Discount,2025-03-06,142741,3292,325,624,9523,2533,15.26
2747,New Arrivals,2025-03-07,110501,11466,264,2336,1111,23595,0.48
2748,Holiday Special,2025-03-08,20730,4483,1967,3586,16555,20712,4.62
2749,Summer Sale,2025-03-09,183728,7818,1358,1750,8057,17478,4.6
2750,Winter Discount,2025-03-10,66832,4951,1559,2330,24210,27323,10.39
2751,Black Friday,2025-03-11,49838,13209,1934,2671,13010,20357,4.87
2752,New Arrivals,2025-03-12,116175,1008,1655,1505,5184,13961,3.44
2753,Summer Sale,2025-03-13,90265,2246,1290,4595,24590,41540,5.35
2754,Winter Discount,2025-03-14,80042,2938,1563,3502,11218,21108,3.2
2755,Holiday Special,2025-03-15,38389,1710,115,4691,10154,49326,2.16
2756,Holiday Special,2025-03-16,24183,6092,1685,3681,11516,44069,3.13
2757,New Arrivals,2025-03-17,186600,9161,1725,4523,13764,25392,3.04
2758,Winter Discount,2025-03-18,138414,8251,193,3411,10254,6872,3.01
2759,Holiday Special,2025-03-19,163263,14026,1005,1187,3480,32269,2.93
2760,Holiday Special,2025-03-20,24154,10836,808,3717,12167,29201,3.27
2761,Holiday Special,2025-03-21,185894,691,547,1414,11183,16685,7.91
2762,Winter Discount,2025-03-22,101085,10485,395,3738,24876,44035,6.65
2763,New Arrivals,2025-03-23,20020,3088,1170,2365,11914,45940,5.04
2764,Black Friday,2025-03-24,19444,3191,698,4179,12056,28127,2.88
2765,New Arrivals,2025-03-25,106400,9968,1839,2953,19990,31244,6.77
2766,New Arrivals,2025-03-26,54527,625,55,4398,1755,3313,0.4
2767,New Arrivals,2025-03-27,28148,9570,1202,4011,17224,46547,4.29
2768,Summer Sale,2025-03-28,57642,11939,298,2713,5834,38756,2.15
2769,Holiday Special,2025-03-29,76330,2143,1952,2050,8489,29317,4.14
2770,Holiday Special,2025-03-30,114664,12564,594,714,11429,9027,16.01
2771,New Arrivals,2025-03-01,183716,9618,994,3891,6923,42968,1.78
2772,Black Friday,2025-03-02,103829,13737,1556,1808,17327,29475,9.58
2773,Black Friday,2025-03-03,46765,4747,1587,1915,23552,43104,12.3
2774,Black Friday,2025-03-04,121845,5384,172,3852,15057,31617,3.91
2775,Holiday Special,2025-03-05,155805,4982,1220,2871,20114,36917,7.01
2776,Summer Sale,2025-03-06,139279,12592,1383,436,5674,4307,13.01
2777,Holiday Special,2025-03-07,186778,6783,344,4249,19401,12033,4.57
2778,Summer Sale,2025-03-08,196549,7424,1461,4591,20967,18426,4.57
2779,Winter Discount,2025-03-09,186662,6806,1861,3979,18387,43883,4.62
2780,Summer Sale,2025-03-10,183440,13480,1844,1552,18169,32252,11.71
2781,Winter Discount,2025-03-11,72041,12514,1583,3469,4674,45946,1.35
2782,Black Friday,2025-03-12,146511,12947,778,1612,8752,34556,5.43
2783,Black Friday,2025-03-13,98718,12733,1194,2453,11749,8327,4.79
2784,Holiday Special,2025-03-14,88764,2571,641,680,1945,32220,2.86
2785,New Arrivals,2025-03-15,177481,12459,169,4065,24491,47140,6.02
2786,Summer Sale,2025-03-16,89352,8073,1651,3314,20678,46106,6.24
2787,Black Friday,2025-03-17,182273,5087,122,1459,14643,19574,10.04
2788,Winter Discount,2025-03-18,163372,4661,1696,592,2387,3380,4.03
2789,Black Friday,2025-03-19,76846,4017,1904,2501,23806,5549,9.52
2790,Winter Discount,2025-03-20,10619,2667,1289,1857,8238,45085,4.44
2791,Black Friday,2025-03-21,73798,1647,736,3681,24742,40068,6.72
2792,New Arrivals,2025-03-22,24501,3212,1502,4842,17231,23028,3.56
2793,Summer Sale,2025-03-23,107818,6375,1180,1035,9396,15673,9.08
2794,Summer Sale,2025-03-24,14876,13522,1872,231,8744,4621,37.85
2795,Summer Sale,2025-03-25,54805,12941,1780,717,5436,4640,7.58
2796,Black Friday,2025-03-26,15751,7787,1341,4037,7772,37557,1.93
2797,Holiday Special,2025-03-27,50963,3950,1548,2117,23076,47669,10.9
2798,Black Friday,2025-03-28,44608,13681,1009,4086,12321,39287,3.02
2799,Winter Discount,2025-03-29,150653,731,920,381,23081,25209,60.58
2800,Holiday Special,2025-03-30,88314,8753,1694,2057,24680,26418,12.0
2801,New Arrivals,2025-03-01,52124,7157,1966,773,22088,46334,28.57
2802,Winter Discount,2025-03-02,59863,7458,887,1335,5172,46245,3.87
2803,New Arrivals,2025-03-03,141894,6453,1540,2308,13165,2828,5.7
2804,Winter Discount,2025-03-04,198045,14053,535,2108,20224,32488,9.59
2805,Summer Sale,2025-03-05,119054,13636,475,344,24975,11511,72.6
2806,Winter Discount,2025-03-06,125427,891,1038,486,15691,17074,32.29
2807,Black Friday,2025-03-07,40269,13361,1871,3183,16587,27021,5.21
2808,Winter Discount,2025-03-08,21736,11331,1944,2868,5837,40186,2.04
2809,New Arrivals,2025-03-09,195511,744,1873,3953,2961,34528,0.75
2810,New Arrivals,2025-03-10,185097,8096,765,4838,12146,19316,2.51
2811,New Arrivals,2025-03-11,47879,14427,1044,1098,7601,3531,6.92
2812,New Arrivals,2025-03-12,155756,10495,1385,3434,18700,36491,5.45
2813,Winter Discount,2025-03-13,116902,5072,185,1806,9755,39195,5.4
2814,Black Friday,2025-03-14,84941,10249,155,4393,16853,40650,3.84
2815,Winter Discount,2025-03-15,127295,12896,1338,4356,22979,30664,5.28
2816,New Arrivals,2025-03-16,193393,3717,175,1233,21307,13301,17.28
2817,New Arrivals,2025-03-17,78564,7039,1760,1379,19845,41847,14.39
2818,Summer Sale,2025-03-18,88499,2117,426,2744,5486,15290,2.0
2819,New Arrivals,2025-03-19,175963,12781,363,2663,17895,2334,6.72
2820,Holiday Special,2025-03-20,120520,5751,841,1184,20274,33878,17.12
2821,Summer Sale,2025-03-21,175332,7693,780,2221,14649,31269,6.6
2822,Summer Sale,2025-03-22,116141,9414,258,1636,20044,44679,12.25
2823,Summer Sale,2025-03-23,106272,8987,1322,3665,24102,14919,6.58
2824,Black Friday,2025-03-24,27570,6099,1174,1017,16877,32192,16.59
2825,Black Friday,2025-03-25,156197,6487,337,1813,8003,11038,4.41
2826,New Arrivals,2025-03-26,129645,7855,1057,2215,4671,44771,2.11
2827,Winter Discount,2025-03-27,11686,5138,1365,4716,1578,44327,0.33
2828,Summer Sale,2025-03-28,27982,12165,716,1657,16943,39648,10.23
2829,Winter Discount,2025-03-29,29802,7279,1377,3890,8953,4495,2.3
2830,Winter Discount,2025-03-30,161174,10163,1466,2362,6612,20111,2.8
2831,Black Friday,2025-03-01,106493,1945,1675,1157,15140,22128,13.09
2832,Summer Sale,2025-03-02,91330,12926,550,307,12582,21059,40.98
2833,Black Friday,2025-03-03,67698,12166,1091,663,11352,38768,17.12
2834,Holiday Special,2025-03-04,194697,12953,66,985,4612,46098,4.68
2835,Black Friday,2025-03-05,101600,2787,564,3750,6472,31447,1.73
2836,Winter Discount,2025-03-06,50663,14029,1422,3339,6823,20672,2.04
2837,Black Friday,2025-03-07,143678,4360,739,2676,6554,32475,2.45
2838,Summer Sale,2025-03-08,177106,902,1519,1767,1265,37252,0.72
2839,Black Friday,2025-03-09,29917,10259,858,4055,4909,31460,1.21
2840,Holiday Special,2025-03-10,144932,4540,1256,3380,5622,9627,1.66
2841,Holiday Special,2025-03-11,174008,11960,907,4166,10250,48596,2.46
2842,Holiday Special,2025-03-12,120430,7737,1360,2469,12792,16234,5.18
2843,New Arrivals,2025-03-13,132486,3726,955,726,10277,16712,14.16
2844,Summer Sale,2025-03-14,136234,14283,323,4784,18225,4840,3.81
2845,Winter Discount,2025-03-15,82971,10828,323,3869,15462,41114,4.0
2846,Holiday Special,2025-03-16,109938,8612,1028,620,15183,38620,24.49
2847,Holiday Special,2025-03-17,27497,12105,1381,3221,21690,16425,6.73
2848,Black Friday,2025-03-18,171358,2212,1752,3140,23071,34937,7.35
2849,Black Friday,2025-03-19,13520,5291,727,1273,24889,44124,19.55
2850,New Arrivals,2025-03-20,102024,13440,407,2734,3870,34683,1.42
2851,New Arrivals,2025-03-21,54304,4292,1922,4995,17809,9481,3.57
2852,Black Friday,2025-03-22,14805,3150,1783,2193,12568,22044,5.73
2853,Holiday Special,2025-03-23,62513,14758,1748,3537,24167,13529,6.83
2854,Summer Sale,2025-03-24,110775,12817,1036,4884,6246,27660,1.28
2855,Holiday Special,2025-03-25,23166,14024,1663,4990,16401,49131,3.29
2856,Black Friday,2025-03-26,192099,11778,1021,2435,14416,36574,5.92
2857,Holiday Special,2025-03-27,189216,8921,793,540,9617,35186,17.81
2858,Summer Sale,2025-03-28,48514,13428,1298,194,4592,28592,23.67
2859,New Arrivals,2025-03-29,83491,13946,900,1528,11585,49450,7.58
2860,Black Friday,2025-03-30,51021,2870,114,1573,13154,12979,8.36
2861,Holiday Special,2025-03-01,156080,13842,1785,1691,11394,35402,6.74
2862,Black Friday,2025-03-02,53291,10795,1153,1649,3839,8752,2.33
2863,New Arrivals,2025-03-03,113538,12978,1876,442,10937,25567,24.74
2864,Winter Discount,2025-03-04,117942,2900,166,4719,5700,17133,1.21
2865,Black Friday,2025-03-05,113758,9293,339,4351,871,8929,0.2
2866,Black Friday,2025-03-06,133770,568,1727,1186,18477,6556,15.58
2867,New Arrivals,2025-03-07,198535,5055,1896,2404,8469,45074,3.52
2868,New Arrivals,2025-03-08,37626,5792,978,1811,24304,27542,13.42
2869,Black Friday,2025-03-09,86847,7652,360,690,8962,3947,12.99
2870,Holiday Special,2025-03-10,122804,3451,1930,3319,23627,26267,7.12
2871,Black Friday,2025-03-11,128767,5959,1337,2175,24665,10493,11.34
2872,New Arrivals,2025-03-12,70687,4195,685,3294,1774,22778,0.54
2873,Holiday Special,2025-03-13,63489,5764,1584,3074,6373,15664,2.07
2874,Black Friday,2025-03-14,157426,9149,1710,3938,5835,38639,1.48
2875,Winter Discount,2025-03-15,52108,653,1366,1404,12134,7930,8.64
2876,Black Friday,2025-03-16,107034,9726,1056,3819,8551,7407,2.24
2877,Winter Discount,2025-03-17,174998,9141,916,428,16212,4536,37.88
2878,Holiday Special,2025-03-18,195986,628,797,944,7024,46011,7.44
2879,Black Friday,2025-03-19,173136,12968,434,197,23815,26477,120.89
2880,Black Friday,2025-03-20,26491,7126,1219,3199,14445,42700,4.52
2881,Winter Discount,2025-03-21,132205,9345,1644,2630,19255,19306,7.32
2882,New Arrivals,2025-03-22,108137,11660,1073,3023,19855,8029,6.57
2883,Winter Discount,2025-03-23,62309,10866,382,2785,8369,11105,3.01
2884,Winter Discount,2025-03-24,126364,12743,1703,1976,12089,8387,6.12
2885,Black Friday,2025-03-25,102136,972,50,3595,22967,24309,6.39
2886,Black Friday,2025-03-26,187756,9835,947,3984,21704,26936,5.45
2887,Black Friday,2025-03-27,92026,12705,882,1854,7522,44279,4.06
2888,Summer Sale,2025-03-28,13609,14731,588,1008,4955,10318,4.92
2889,Holiday Special,2025-03-29,102492,2026,1187,3469,11379,27541,3.28
2890,Black Friday,2025-03-30,193999,4676,980,2881,9594,39100,3.33
2891,Black Friday,2025-03-01,16197,14311,1602,3835,3446,32952,0.9
2892,Holiday Special,2025-03-02,160104,3017,1216,462,14884,43218,32.22
2893,New Arrivals,2025-03-03,167294,2658,570,4124,14011,3775,3.4
2894,Black Friday,2025-03-04,128390,8429,895,4287,15273,39710,3.56
2895,Black Friday,2025-03-05,86883,13411,688,462,14559,7916,31.51
2896,Summer Sale,2025-03-06,129521,13974,1742,395,12689,6565,32.12
2897,Holiday Special,2025-03-07,178771,5791,1607,1003,6545,22507,6.53
2898,New Arrivals,2025-03-08,56405,3007,1997,1573,18168,19133,11.55
2899,New Arrivals,2025-03-09,17598,1862,1274,3811,11342,17224,2.98
2900,Summer Sale,2025-03-10,33657,11404,439,503,10838,36303,21.55
2901,Black Friday,2025-03-11,44986,6775,1442,2256,2326,16319,1.03
2902,Black Friday,2025-03-12,60543,14011,775,3451,12049,37195,3.49
2903,New Arrivals,2025-03-13,11643,10471,624,1501,9316,7703,6.21
2904,Holiday Special,2025-03-14,23269,1014,499,1353,21298,13044,15.74
2905,Black Friday,2025-03-15,120189,2760,1415,1766,18574,2657,10.52
2906,Winter Discount,2025-03-16,136076,7830,52,557,18268,38652,32.8
2907,New Arrivals,2025-03-17,65111,1167,1175,381,19755,12504,51.85
2908,Black Friday,2025-03-18,66620,4462,1007,2730,3427,21892,1.26
2909,Summer Sale,2025-03-19,48308,13573,605,1759,18758,48158,10.66
2910,Summer Sale,2025-03-20,175862,14904,834,1815,2523,49070,1.39
2911,Holiday Special,2025-03-21,138651,5358,312,4027,12530,32875,3.11
2912,Winter Discount,2025-03-22,183259,4937,1069,4072,6916,14225,1.7
2913,Black Friday,2025-03-23,155642,11553,432,4565,20342,5673,4.46
2914,Summer Sale,2025-03-24,12618,9255,1322,3712,19441,28262,5.24
2915,Holiday Special,2025-03-25,66918,7350,1510,4622,12711,19965,2.75
2916,New Arrivals,2025-03-26,93964,10740,1509,3812,13942,26763,3.66
2917,New Arrivals,2025-03-27,67594,3120,1011,3259,22374,44132,6.87
2918,Holiday Special,2025-03-28,101567,9262,704,209,22506,34684,107.68
2919,New Arrivals,2025-03-29,144209,5170,952,3310,8219,14622,2.48
2920,Holiday Special,2025-03-30,51279,10219,195,1946,17598,29559,9.04
2921,Summer Sale,2025-03-01,127047,3878,2000,3323,2672,15434,0.8
2922,Holiday Special,2025-03-02,57019,4023,878,3231,22269,30076,6.89
2923,New Arrivals,2025-03-03,49259,4032,1029,1830,24295,28668,13.28
2924,New Arrivals,2025-03-04,159471,14472,338,1784,17711,36638,9.93
2925,Holiday Special,2025-03-05,15305,9517,518,4927,19211,20035,3.9
2926,New Arrivals,2025-03-06,164506,4963,216,921,5926,22216,6.43
2927,New Arrivals,2025-03-07,38297,819,1322,1378,2356,38724,1.71
2928,Summer Sale,2025-03-08,196161,3809,520,3067,5467,34836,1.78
2929,New Arrivals,2025-03-09,36209,6243,486,3799,19158,44480,5.04
2930,New Arrivals,2025-03-10,158292,10235,1031,4753,13459,21783,2.83
2931,New Arrivals,2025-03-11,109014,8165,576,2130,1486,2890,0.7
2932,New Arrivals,2025-03-12,110959,12732,919,1012,14479,28699,14.31
2933,Holiday Special,2025-03-13,64383,8200,969,1261,22640,22060,17.95
2934,Winter Discount,2025-03-14,11406,4640,290,3311,24793,40259,7.49
2935,Summer Sale,2025-03-15,129838,5487,347,578,20047,24155,34.68
2936,Black Friday,2025-03-16,130624,9085,186,362,1820,6160,5.03
2937,Black Friday,2025-03-17,183221,14967,438,2947,10913,5873,3.7
2938,Black Friday,2025-03-18,127056,2765,1323,608,17782,31496,29.25
2939,Summer Sale,2025-03-19,30579,14103,407,1803,21936,38242,12.17
2940,Summer Sale,2025-03-20,65967,1040,339,1724,6845,12149,3.97
2941,Summer Sale,2025-03-21,199402,7772,479,1613,24640,24805,15.28
2942,Black Friday,2025-03-22,147085,2920,801,781,14640,40992,18.75
2943,Holiday Special,2025-03-23,14797,3193,1508,1813,12454,20233,6.87
2944,New Arrivals,2025-03-24,50567,12773,992,612,17748,43914,29.0
2945,Holiday Special,2025-03-25,70252,7832,56,3442,12823,42013,3.73
2946,Black Friday,2025-03-26,107909,14799,1274,1489,13543,11594,9.1
2947,New Arrivals,2025-03-27,160620,4591,1883,657,22768,36745,34.65
2948,Holiday Special,2025-03-28,190557,11900,682,1950,7696,17465,3.95
2949,Summer Sale,2025-03-29,26888,12258,1080,2219,18186,43844,8.2
2950,Winter Discount,2025-03-30,46847,8188,853,4568,11491,9275,2.52
2951,Black Friday,2025-03-01,71487,3734,1103,2807,10936,3907,3.9
2952,Black Friday,2025-03-02,150376,14139,1704,202,15111,39209,74.81
2953,Summer Sale,2025-03-03,163564,9351,530,479,16846,31456,35.17
2954,New Arrivals,2025-03-04,97904,2241,626,2411,18334,6419,7.6
2955,Holiday Special,2025-03-05,43921,12477,1955,246,19131,42590,77.77
2956,Winter Discount,2025-03-06,89731,12688,1028,4427,18279,44840,4.13
2957,New Arrivals,2025-03-07,71492,13228,1972,583,23035,6598,39.51
2958,Summer Sale,2025-03-08,26355,14638,135,225,22678,43680,100.79
2959,Holiday Special,2025-03-09,111763,11518,1871,4378,2478,24280,0.57
2960,Holiday Special,2025-03-10,22222,2471,1401,3686,23420,16728,6.35
2961,Black Friday,2025-03-11,192143,8920,1213,1313,14790,43120,11.26
2962,Summer Sale,2025-03-12,84330,13284,1919,1415,3124,32325,2.21
2963,Holiday Special,2025-03-13,24400,5098,1891,3356,21197,18728,6.32
2964,Winter Discount,2025-03-14,149203,12736,889,2646,19543,40427,7.39
2965,New Arrivals,2025-03-15,12251,1409,1010,2235,12831,17486,5.74
2966,Summer Sale,2025-03-16,53667,3216,1341,114,1498,42149,13.14
2967,Summer Sale,2025-03-17,195318,11460,1970,2539,6587,49152,2.59
2968,Winter Discount,2025-03-18,183807,2526,1721,4591,18526,5893,4.04
2969,Summer Sale,2025-03-19,117857,7033,807,3225,3742,11413,1.16
2970,Winter Discount,2025-03-20,153612,10154,525,595,11452,4832,19.25
2971,Winter Discount,2025-03-21,154138,9023,1710,3861,1021,48747,0.26
2972,Winter Discount,2025-03-22,12353,7743,799,1775,1128,46454,0.64
2973,New Arrivals,2025-03-23,105716,4594,798,486,20739,37659,42.67
2974,Black Friday,2025-03-24,160527,13403,131,1847,6240,18365,3.38
2975,New Arrivals,2025-03-25,181721,11774,80,3642,7938,44478,2.18
2976,Holiday Special,2025-03-26,167358,1996,145,586,6934,6884,11.83
2977,Black Friday,2025-03-27,17568,14810,454,361,21187,38359,58.69
2978,Holiday Special,2025-03-28,187728,1904,2000,2926,17582,13627,6.01
2979,New Arrivals,2025-03-29,113390,10374,869,1707,12314,31430,7.21
2980,Black Friday,2025-03-30,151272,2588,1736,4453,6669,27854,1.5
2981,New Arrivals,2025-03-01,155834,6530,1392,4702,4429,46077,0.94
2982,New Arrivals,2025-03-02,151346,12386,1658,4869,18828,18342,3.87
2983,Summer Sale,2025-03-03,127058,8916,354,2690,3895,20153,1.45
2984,Holiday Special,2025-03-04,26099,1308,1983,4381,831,35066,0.19
2985,Winter Discount,2025-03-05,93447,13929,1373,3926,8998,23886,2.29
2986,Holiday Special,2025-03-06,174788,10708,1256,2739,5972,24097,2.18
2987,Winter Discount,2025-03-07,160182,9395,1311,722,23140,8988,32.05
2988,Winter Discount,2025-03-08,59930,7804,1509,460,6332,32884,13.77
2989,New Arrivals,2025-03-09,110043,12248,1853,4117,5141,26539,1.25
2990,Black Friday,2025-03-10,73746,3032,1733,4048,16606,43429,4.1
2991,Black Friday,2025-03-11,41488,11084,610,118,7864,37735,66.64
2992,Summer Sale,2025-03-12,163662,3997,1035,3304,4589,13646,1.39
2993,New Arrivals,2025-03-13,165012,1156,612,2667,17012,45753,6.38
2994,New Arrivals,2025-03-14,16222,5089,1095,2036,9449,10604,4.64
2995,New Arrivals,2025-03-15,112079,8142,1442,4278,3238,40597,0.76
2996,Black Friday,2025-03-16,167372,1244,1385,4472,7353,30031,1.64
2997,Summer Sale,2025-03-17,108222,12625,1479,3365,7881,24718,2.34
2998,Summer Sale,2025-03-18,66204,14326,758,3716,24378,42843,6.56
2999,Holiday Special,2025-03-19,167462,13906,326,3249,10163,46558,3.13
3000,Winter Discount,2025-03-20,57884,11781,432,4424,4421,27441,1.0
